obstacles_per_tile,tree_spacing_m,target_speed_mps,tree_count,trial,seed,success_rate,success_count,episode_count,mean_return,mean_episode_len,mean_completion_pct,mean_arrival_time_s,mean_path_length_m,mean_speed_mps,death_reason,success_videos_saved,success_video_manifest,result,duration_s
4,4.0,1.0,397,1,0,0.25,2,8,1619.5616760253906,2212.75,72.1,49.66,42.44,0.855,"contact:6,success:2",2,/home/descfly/visualandlidar/base/omni-5.1/OmniDrones/scripts/ZK/contrast_with_sota_realtree_lcgate/results/realtree_sweep_camlidar_gate/5-29-vlim-lcgate-tree_best_return_3785.25_10/videos/manifest.json,ok,1633.811
4,4.0,2.0,397,1,0,0.625,5,8,-1885.585334777832,1228.75,78.7,27.28,48.561,1.764,"contact:3,success:5",2,/home/descfly/visualandlidar/base/omni-5.1/OmniDrones/scripts/ZK/contrast_with_sota_realtree_lcgate/results/realtree_sweep_camlidar_gate/5-29-vlim-lcgate-tree_best_return_3785.25_10/videos/manifest.json,ok,898.825
4,4.0,3.0,397,1,0,0.375,3,8,-3837.01167678833,717.125,60.0,17.58,44.468,2.53,"contact:5,success:3",2,/home/descfly/visualandlidar/base/omni-5.1/OmniDrones/scripts/ZK/contrast_with_sota_realtree_lcgate/results/realtree_sweep_camlidar_gate/5-29-vlim-lcgate-tree_best_return_3785.25_10/videos/manifest.json,ok,511.523
4,4.0,4.0,397,1,0,0.375,3,8,-8952.213493347168,683.75,50.3,13.753,45.87,3.335,"contact:4,out_of_bounds:1,success:3",2,/home/descfly/visualandlidar/base/omni-5.1/OmniDrones/scripts/ZK/contrast_with_sota_realtree_lcgate/results/realtree_sweep_camlidar_gate/5-29-vlim-lcgate-tree_best_return_3785.25_10/videos/manifest.json,ok,470.772
4,4.0,5.0,397,1,0,0.125,1,8,-217944.60623168945,1295.25,43.8,10.06,42.447,4.219,"contact:6,success:1,timeout:1",1,/home/descfly/visualandlidar/base/omni-5.1/OmniDrones/scripts/ZK/contrast_with_sota_realtree_lcgate/results/realtree_sweep_camlidar_gate/5-29-vlim-lcgate-tree_best_return_3785.25_10/videos/manifest.json,ok,794.158
4,4.0,6.0,397,1,0,0.5,4,8,-4582.487518310547,428.0,57.2,9.935,49.677,4.97,"contact:4,success:4",2,/home/descfly/visualandlidar/base/omni-5.1/OmniDrones/scripts/ZK/contrast_with_sota_realtree_lcgate/results/realtree_sweep_camlidar_gate/5-29-vlim-lcgate-tree_best_return_3785.25_10/videos/manifest.json,ok,295.062
4,4.0,7.0,397,1,0,0.125,1,8,-211374.16133117676,1183.875,39.0,16.3,102.811,6.307,"contact:6,success:1,timeout:1",1,/home/descfly/visualandlidar/base/omni-5.1/OmniDrones/scripts/ZK/contrast_with_sota_realtree_lcgate/results/realtree_sweep_camlidar_gate/5-29-vlim-lcgate-tree_best_return_3785.25_10/videos/manifest.json,ok,715.559
4,4.0,8.0,397,1,0,0.375,3,8,-539.1623497009277,203.25,43.8,6.9,44.435,6.446,"contact:5,success:3",2,/home/descfly/visualandlidar/base/omni-5.1/OmniDrones/scripts/ZK/contrast_with_sota_realtree_lcgate/results/realtree_sweep_camlidar_gate/5-29-vlim-lcgate-tree_best_return_3785.25_10/videos/manifest.json,ok,152.781
4,4.0,9.0,397,1,0,0.125,1,8,-6446.430030822754,222.0,31.2,8.36,52.975,6.337,"contact:6,out_of_bounds:1,success:1",1,/home/descfly/visualandlidar/base/omni-5.1/OmniDrones/scripts/ZK/contrast_with_sota_realtree_lcgate/results/realtree_sweep_camlidar_gate/5-29-vlim-lcgate-tree_best_return_3785.25_10/videos/manifest.json,ok,158.041
5,5.0,1.0,254,1,1,1.0,8,8,6692.3016357421875,2440.25,85.4,48.805,41.849,0.858,success:8,2,/home/descfly/visualandlidar/base/omni-5.1/OmniDrones/scripts/ZK/contrast_with_sota_realtree_lcgate/results/realtree_sweep_camlidar_gate/5-29-vlim-lcgate-tree_best_return_3785.25_10/videos/manifest.json,ok,1649.424
5,5.0,2.0,254,1,1,1.0,8,8,3754.7708435058594,1235.375,85.4,24.707,42.042,1.702,success:8,2,/home/descfly/visualandlidar/base/omni-5.1/OmniDrones/scripts/ZK/contrast_with_sota_realtree_lcgate/results/realtree_sweep_camlidar_gate/5-29-vlim-lcgate-tree_best_return_3785.25_10/videos/manifest.json,ok,822.653
5,5.0,3.0,254,1,1,0.75,6,8,615.2193069458008,717.625,68.3,17.147,44.213,2.577,"contact:2,success:6",2,/home/descfly/visualandlidar/base/omni-5.1/OmniDrones/scripts/ZK/contrast_with_sota_realtree_lcgate/results/realtree_sweep_camlidar_gate/5-29-vlim-lcgate-tree_best_return_3785.25_10/videos/manifest.json,ok,471.626
5,5.0,4.0,254,1,1,0.625,5,8,-9584.128021240234,732.25,71.0,13.032,46.076,3.528,"contact:2,out_of_bounds:1,success:5",2,/home/descfly/visualandlidar/base/omni-5.1/OmniDrones/scripts/ZK/contrast_with_sota_realtree_lcgate/results/realtree_sweep_camlidar_gate/5-29-vlim-lcgate-tree_best_return_3785.25_10/videos/manifest.json,ok,458.091
5,5.0,5.0,254,1,1,0.375,3,8,-13361.835746765137,561.625,51.1,11.513,53.331,4.648,"contact:4,out_of_bounds:1,success:3",2,/home/descfly/visualandlidar/base/omni-5.1/OmniDrones/scripts/ZK/contrast_with_sota_realtree_lcgate/results/realtree_sweep_camlidar_gate/5-29-vlim-lcgate-tree_best_return_3785.25_10/videos/manifest.json,ok,358.25
5,5.0,6.0,254,1,1,0.5,4,8,-2020.4772567749023,428.0,68.8,10.355,50.297,4.881,"contact:4,success:4",2,/home/descfly/visualandlidar/base/omni-5.1/OmniDrones/scripts/ZK/contrast_with_sota_realtree_lcgate/results/realtree_sweep_camlidar_gate/5-29-vlim-lcgate-tree_best_return_3785.25_10/videos/manifest.json,ok,285.088
5,5.0,7.0,254,1,1,0.25,2,8,-2771.6231536865234,294.875,43.5,7.67,44.58,5.817,"contact:5,out_of_bounds:1,success:2",2,/home/descfly/visualandlidar/base/omni-5.1/OmniDrones/scripts/ZK/contrast_with_sota_realtree_lcgate/results/realtree_sweep_camlidar_gate/5-29-vlim-lcgate-tree_best_return_3785.25_10/videos/manifest.json,ok,208.46
5,5.0,8.0,254,1,1,0.625,5,8,-499.8758316040039,318.625,73.0,6.936,47.082,6.764,"contact:3,success:5",2,/home/descfly/visualandlidar/base/omni-5.1/OmniDrones/scripts/ZK/contrast_with_sota_realtree_lcgate/results/realtree_sweep_camlidar_gate/5-29-vlim-lcgate-tree_best_return_3785.25_10/videos/manifest.json,ok,205.888
5,5.0,9.0,254,1,1,0.25,2,8,-2255.0199127197266,229.75,41.1,6.45,46.382,7.191,"contact:6,success:2",2,/home/descfly/visualandlidar/base/omni-5.1/OmniDrones/scripts/ZK/contrast_with_sota_realtree_lcgate/results/realtree_sweep_camlidar_gate/5-29-vlim-lcgate-tree_best_return_3785.25_10/videos/manifest.json,ok,158.16
6,6.0,1.0,168,1,2,0.375,3,8,-6669.41584777832,2497.75,69.0,48.9,41.759,0.854,"contact:4,out_of_bounds:1,success:3",2,/home/descfly/visualandlidar/base/omni-5.1/OmniDrones/scripts/ZK/contrast_with_sota_realtree_lcgate/results/realtree_sweep_camlidar_gate/5-29-vlim-lcgate-tree_best_return_3785.25_10/videos/manifest.json,ok,1550.122
6,6.0,2.0,168,1,2,0.625,5,8,-227.77706146240234,1215.625,77.7,25.672,43.922,1.711,"contact:3,success:5",2,/home/descfly/visualandlidar/base/omni-5.1/OmniDrones/scripts/ZK/contrast_with_sota_realtree_lcgate/results/realtree_sweep_camlidar_gate/5-29-vlim-lcgate-tree_best_return_3785.25_10/videos/manifest.json,ok,772.467
6,6.0,3.0,168,1,2,0.5,4,8,302.1388168334961,746.875,76.1,16.73,42.796,2.558,"contact:4,success:4",2,/home/descfly/visualandlidar/base/omni-5.1/OmniDrones/scripts/ZK/contrast_with_sota_realtree_lcgate/results/realtree_sweep_camlidar_gate/5-29-vlim-lcgate-tree_best_return_3785.25_10/videos/manifest.json,ok,484.647
6,6.0,4.0,168,1,2,0.375,3,8,-899.4068908691406,495.375,61.0,13.427,44.742,3.333,"contact:5,success:3",2,/home/descfly/visualandlidar/base/omni-5.1/OmniDrones/scripts/ZK/contrast_with_sota_realtree_lcgate/results/realtree_sweep_camlidar_gate/5-29-vlim-lcgate-tree_best_return_3785.25_10/videos/manifest.json,ok,322.782
6,6.0,5.0,168,1,2,0.5,4,8,-6157.855281829834,562.5,70.5,10.575,43.203,4.092,"contact:3,out_of_bounds:1,success:4",2,/home/descfly/visualandlidar/base/omni-5.1/OmniDrones/scripts/ZK/contrast_with_sota_realtree_lcgate/results/realtree_sweep_camlidar_gate/5-29-vlim-lcgate-tree_best_return_3785.25_10/videos/manifest.json,ok,348.009
6,6.0,6.0,168,1,2,0.25,2,8,-2857.9361114501953,440.375,64.4,12.08,89.149,6.847,"contact:6,success:2",2,/home/descfly/visualandlidar/base/omni-5.1/OmniDrones/scripts/ZK/contrast_with_sota_realtree_lcgate/results/realtree_sweep_camlidar_gate/5-29-vlim-lcgate-tree_best_return_3785.25_10/videos/manifest.json,ok,304.678
6,6.0,7.0,168,1,2,0.5,4,8,-665.5580139160156,317.125,60.3,8.075,45.539,5.657,"contact:4,success:4",2,/home/descfly/visualandlidar/base/omni-5.1/OmniDrones/scripts/ZK/contrast_with_sota_realtree_lcgate/results/realtree_sweep_camlidar_gate/5-29-vlim-lcgate-tree_best_return_3785.25_10/videos/manifest.json,ok,210.71
6,6.0,8.0,168,1,2,0.375,3,8,-440502.9430465698,2056.5,42.5,6.867,44.475,6.48,"contact:3,success:3,timeout:2",2,/home/descfly/visualandlidar/base/omni-5.1/OmniDrones/scripts/ZK/contrast_with_sota_realtree_lcgate/results/realtree_sweep_camlidar_gate/5-29-vlim-lcgate-tree_best_return_3785.25_10/videos/manifest.json,ok,1037.871
6,6.0,9.0,168,1,2,0.5,4,8,-427.4950408935547,257.75,52.3,6.39,45.654,7.178,"contact:4,success:4",2,/home/descfly/visualandlidar/base/omni-5.1/OmniDrones/scripts/ZK/contrast_with_sota_realtree_lcgate/results/realtree_sweep_camlidar_gate/5-29-vlim-lcgate-tree_best_return_3785.25_10/videos/manifest.json,ok,164.979
