obstacles_per_tile,trial,seed,success_rate,success_count,episode_count,mean_return,mean_episode_len,mean_completion_pct,mean_arrival_time_s,mean_path_length_m,mean_speed_mps,result,duration_s
4,50,0,0.5666666666666667,17,30,337.62634938557943,175.8,56.2,4.999,38.288,7.63,ok,12.794
4,2,0,0.6333333333333333,19,30,417.36977361043296,189.13333333333333,60.6,5.116,41.576,8.144,ok,13.784
4,3,0,0.7333333333333333,22,30,473.69503631591795,196.56666666666666,65.1,4.969,39.554,7.969,ok,12.861
4,4,0,0.5666666666666667,17,30,362.3979263305664,188.2,59.2,4.999,40.944,8.215,ok,12.954
4,5,0,0.5666666666666667,17,30,303.3063568115234,169.6,55.5,4.945,35.579,7.236,ok,13.585
4,6,0,0.7,21,30,503.3483159383138,204.33333333333334,68.1,4.953,41.574,8.413,ok,12.764
4,7,0,0.6,18,30,354.68783645629884,180.76666666666668,56.6,5.066,39.279,7.714,ok,13.373
4,8,0,0.5666666666666667,17,30,402.56254552205405,175.5,57.2,4.987,41.567,8.347,ok,12.797
4,9,0,0.6333333333333333,19,30,320.3736712137858,173.96666666666667,53.7,5.06,33.636,6.648,ok,13.676
4,10,0,0.6666666666666666,20,30,448.15308939615886,202.0,65.8,5.099,40.698,7.995,ok,13.346
4,11,0,0.7,21,30,504.93637466430664,205.83333333333334,66.2,5.085,41.79,8.225,ok,14.08
4,12,0,0.5666666666666667,17,30,416.45784556070964,177.36666666666667,56.9,5.096,42.97,8.437,ok,14.494
4,13,0,0.7666666666666667,23,30,515.3307164510092,210.1,68.8,5.074,40.261,7.935,ok,13.092
4,14,0,0.5333333333333333,16,30,360.9010467529297,170.2,55.2,4.975,41.416,8.318,ok,12.92
4,15,0,0.6333333333333333,19,30,446.7053815205892,186.6,62.2,4.954,41.366,8.347,ok,12.611
4,16,0,0.6666666666666666,20,30,443.11415735880536,191.2,62.3,4.994,40.769,8.191,ok,12.316
4,17,0,0.7,21,30,531.3478716532389,205.43333333333334,68.7,4.988,42.89,8.619,ok,12.562
4,18,0,0.6333333333333333,19,30,394.58124491373695,194.1,63.0,4.941,39.113,7.955,ok,6.928
4,19,0,0.7,21,30,525.2288091023763,199.0,65.0,5.019,43.01,8.579,ok,13.398
4,20,0,0.5666666666666667,17,30,387.2393737792969,182.9,58.0,5.114,41.387,8.104,ok,13.578
4,21,0,0.7,21,30,466.6969800313314,187.06666666666666,60.9,5.007,39.449,7.875,ok,14.313
4,22,0,0.5333333333333333,16,30,333.75059076944984,172.63333333333333,55.3,5.011,42.768,8.547,ok,12.529
4,23,0,0.8333333333333334,25,30,490.4540003458659,192.7,64.9,4.918,37.126,7.57,ok,12.988
4,24,0,0.6666666666666666,20,30,432.7682790120443,182.7,59.1,4.966,39.461,7.93,ok,12.755
4,25,0,0.5333333333333333,16,30,329.508683013916,165.93333333333334,52.6,5.002,38.259,7.655,ok,12.575
4,26,0,0.6,18,30,349.70793736775715,184.3,59.6,4.999,39.746,7.932,ok,12.983
4,27,0,0.5666666666666667,17,30,414.8070198059082,183.16666666666666,60.5,4.969,43.352,8.734,ok,12.829
4,28,0,0.5666666666666667,17,30,327.047189839681,167.83333333333334,53.5,4.948,37.428,7.563,ok,12.744
4,29,0,0.6,18,30,407.78306045532224,193.66666666666666,60.3,5.027,41.156,8.206,ok,12.568
4,30,0,0.4666666666666667,14,30,320.06163660685223,172.6,55.2,5.02,43.433,8.668,ok,12.683
4,31,0,0.6666666666666666,20,30,501.18103586832683,197.3,65.4,4.936,42.972,8.72,ok,12.535
4,32,0,0.7,21,30,478.15682525634764,202.33333333333334,66.2,5.01,39.672,7.909,ok,11.765
4,33,0,0.5333333333333333,16,30,275.3482971191406,162.33333333333334,52.5,4.969,37.777,7.61,ok,7.412
4,34,0,0.6333333333333333,19,30,429.0466298421224,185.96666666666667,61.2,4.955,39.727,8.033,ok,14.134
4,35,0,0.6,18,30,421.68397267659503,186.0,60.8,5.028,41.51,8.266,ok,12.784
4,36,0,0.5666666666666667,17,30,274.8016690572103,155.76666666666668,48.8,5.04,36.842,7.272,ok,12.563
4,37,0,0.5,15,30,337.3953931172689,174.3,57.3,5.001,42.852,8.589,ok,13.243
4,38,0,0.6333333333333333,19,30,442.47549489339195,188.43333333333334,62.3,4.976,41.844,8.422,ok,12.679
4,39,0,0.6666666666666666,20,30,506.16872584025066,206.23333333333332,66.8,5.026,43.244,8.613,ok,12.509
4,40,0,0.4666666666666667,14,30,322.2984789530436,173.13333333333333,55.1,4.94,43.471,8.812,ok,12.607
4,41,0,0.7,21,30,496.1242340087891,194.33333333333334,64.7,4.989,41.411,8.286,ok,12.402
4,42,0,0.5666666666666667,17,30,398.5532132466634,181.73333333333332,57.9,4.987,43.251,8.692,ok,13.335
4,43,0,0.5,15,30,334.1454879760742,170.83333333333334,54.5,5.015,43.137,8.607,ok,12.537
4,44,0,0.6666666666666666,20,30,437.0915382385254,188.16666666666666,60.2,5.041,40.167,7.948,ok,12.548
4,45,0,0.6666666666666666,20,30,463.4238647460937,208.73333333333332,66.8,4.994,41.794,8.371,ok,12.949
4,46,0,0.7,21,30,480.59086583455405,195.9,65.2,5.011,41.556,8.301,ok,13.317
4,47,0,0.7,21,30,418.0582433064779,178.63333333333333,59.1,4.969,37.129,7.467,ok,10.404
4,48,0,0.6333333333333333,19,30,463.7421361287435,194.46666666666667,62.4,5.047,43.471,8.619,ok,9.318
4,49,0,0.5666666666666667,17,30,359.25344161987306,174.6,56.6,5.041,38.748,7.702,ok,13.499
4,50,0,0.5666666666666667,17,30,337.62634938557943,175.8,56.2,4.999,38.288,7.63,ok,12.794
8,50,1,0.5333333333333333,16,30,342.8046760559082,184.6,58.5,4.896,41.214,8.401,ok,13.033
8,2,1,0.5333333333333333,16,30,336.65449752807615,172.46666666666667,54.4,4.976,40.924,8.202,ok,11.833
8,3,1,0.6,18,30,366.65986455281575,174.66666666666666,56.7,4.983,38.851,7.78,ok,12.988
8,4,1,0.6666666666666666,20,30,478.4236485799154,199.3,65.8,4.985,41.206,8.267,ok,12.578
8,5,1,0.7666666666666667,23,30,529.8647883097331,212.8,69.5,5.019,39.936,7.906,ok,12.938
8,6,1,0.5666666666666667,17,30,350.45468826293944,175.4,53.5,4.993,41.068,8.24,ok,6.815
8,7,1,0.6333333333333333,19,30,416.93646545410155,187.06666666666666,59.6,4.995,41.27,8.254,ok,12.697
8,8,1,0.4666666666666667,14,30,322.6971819559733,172.36666666666667,54.7,5.04,40.472,8.036,ok,14.009
8,9,1,0.5333333333333333,16,30,302.10422795613607,166.36666666666667,52.3,5.017,35.983,7.162,ok,13.162
8,10,1,0.5333333333333333,16,30,315.33801040649416,190.56666666666666,56.8,5.021,40.101,7.975,ok,13.739
8,11,1,0.36666666666666664,11,30,197.27534968058268,155.96666666666667,46.1,4.975,39.951,8.034,ok,12.943
8,12,1,0.4666666666666667,14,30,319.48608856201173,177.4,54.3,4.97,43.416,8.745,ok,12.891
8,13,1,0.5666666666666667,17,30,330.1864855448405,178.76666666666668,56.9,5.005,36.92,7.34,ok,13.273
8,14,1,0.6333333333333333,19,30,479.0019050598145,192.56666666666666,63.3,5.039,43.343,8.606,ok,13.672
8,15,1,0.4666666666666667,14,30,282.1696194966634,162.53333333333333,50.9,4.911,40.512,8.267,ok,12.748
8,16,1,0.4666666666666667,14,30,270.89490966796876,162.23333333333332,51.0,4.956,39.822,8.034,ok,12.624
8,17,1,0.4,12,30,237.25654322306315,168.76666666666668,50.9,5.035,40.383,8.009,ok,12.58
8,18,1,0.6333333333333333,19,30,409.0065490722656,182.46666666666667,58.7,5.015,41.077,8.209,ok,14.002
8,19,1,0.6333333333333333,19,30,408.0694623311361,181.86666666666667,60.6,4.908,43.034,8.781,ok,12.807
8,20,1,0.4666666666666667,14,30,305.6553118387858,182.06666666666666,53.4,5.076,43.303,8.542,ok,12.024
8,21,1,0.5,15,30,319.967490641276,173.96666666666667,52.5,4.969,43.605,8.787,ok,8.234
8,22,1,0.43333333333333335,13,30,217.64149068196613,151.6,46.6,4.98,37.475,7.533,ok,13.231
8,23,1,0.6333333333333333,19,30,402.3576805114746,184.63333333333333,58.6,4.977,39.238,7.895,ok,13.395
8,24,1,0.5666666666666667,17,30,396.7246513366699,194.9,60.9,4.878,43.197,8.874,ok,12.819
8,25,1,0.5666666666666667,17,30,370.0460085550944,171.76666666666668,54.3,5.067,40.817,8.075,ok,13.118
8,26,1,0.5333333333333333,16,30,346.86291275024416,175.5,55.4,4.991,39.082,7.818,ok,14.111
8,27,1,0.5,15,30,336.0389719645182,183.96666666666667,57.2,5.005,40.604,8.121,ok,13.016
8,28,1,0.5666666666666667,17,30,350.9993459065755,186.83333333333334,58.1,4.954,41.997,8.468,ok,12.975
8,29,1,0.5,15,30,260.2308993021647,151.76666666666668,47.7,5.016,37.09,7.402,ok,12.974
8,30,1,0.5,15,30,353.6154243469238,176.46666666666667,54.7,4.996,43.136,8.649,ok,12.756
8,31,1,0.43333333333333335,13,30,264.57927525838215,158.46666666666667,49.4,4.902,42.87,8.757,ok,13.68
8,32,1,0.6666666666666666,20,30,485.5371426900228,196.53333333333333,65.3,5.028,42.121,8.404,ok,12.676
8,33,1,0.7333333333333333,22,30,443.20101369222004,184.76666666666668,59.2,4.988,37.006,7.37,ok,13.275
8,34,1,0.36666666666666664,11,30,169.25164845784505,152.83333333333334,43.8,5.129,33.319,6.473,ok,13.708
8,35,1,0.5666666666666667,17,30,369.7416290283203,186.43333333333334,57.7,4.952,41.094,8.259,ok,7.486
8,36,1,0.5,15,30,306.25842514038084,165.06666666666666,52.9,4.961,38.702,7.804,ok,11.922
8,37,1,0.6666666666666666,20,30,340.678897857666,185.23333333333332,58.6,4.948,35.93,7.237,ok,13.229
8,38,1,0.4666666666666667,14,30,257.32162119547525,159.83333333333334,50.7,4.944,35.352,7.052,ok,13.265
8,39,1,0.6,18,30,404.01309763590496,179.9,57.3,5.002,41.192,8.241,ok,13.044
8,40,1,0.4666666666666667,14,30,287.6910919189453,169.4,51.8,4.93,43.258,8.796,ok,12.783
8,41,1,0.4666666666666667,14,30,318.30077158610027,174.6,53.6,4.969,43.307,8.735,ok,12.753
8,42,1,0.4666666666666667,14,30,269.142426554362,170.56666666666666,52.2,5.083,40.664,8.019,ok,13.045
8,43,1,0.5333333333333333,16,30,311.30940602620444,182.0,54.5,5.039,39.113,7.737,ok,14.291
8,44,1,0.4666666666666667,14,30,333.6401542663574,176.73333333333332,55.4,4.947,43.721,8.851,ok,8.046
8,45,1,0.5666666666666667,17,30,352.91841176350914,165.06666666666666,53.6,4.979,38.816,7.788,ok,11.879
8,46,1,0.6666666666666666,20,30,472.2721211751302,194.3,64.6,4.972,41.295,8.305,ok,13.641
8,47,1,0.5666666666666667,17,30,406.9722203572591,180.33333333333334,57.7,4.975,43.356,8.723,ok,12.912
8,48,1,0.7,21,30,498.63939870198567,197.56666666666666,65.0,5.023,41.235,8.226,ok,12.999
8,49,1,0.4,12,30,180.39258397420247,150.63333333333333,45.4,4.945,37.7,7.651,ok,13.268
8,50,1,0.5333333333333333,16,30,342.8046760559082,184.6,58.5,4.896,41.214,8.401,ok,13.033
12,50,2,0.43333333333333335,13,30,193.98400166829427,164.16666666666666,44.8,5.186,39.003,7.488,ok,13.93
12,2,2,0.26666666666666666,8,30,119.50979156494141,129.76666666666668,36.4,4.972,43.646,8.793,ok,12.07
12,3,2,0.3333333333333333,10,30,162.5749855041504,146.73333333333332,44.4,4.958,42.909,8.683,ok,12.742
12,4,2,0.43333333333333335,13,30,213.30376917521158,147.53333333333333,43.8,4.934,37.504,7.569,ok,13.107
12,5,2,0.5666666666666667,17,30,329.08999252319336,166.46666666666667,53.4,4.881,38.847,7.922,ok,14.025
12,6,2,0.43333333333333335,13,30,257.5742123921712,164.63333333333333,49.3,4.957,41.521,8.375,ok,12.671
12,7,2,0.4666666666666667,14,30,256.21356735229494,169.46666666666667,51.4,5.001,37.656,7.471,ok,13.16
12,8,2,0.36666666666666664,11,30,169.79755223592122,150.36666666666667,44.9,4.971,37.866,7.635,ok,13.058
12,9,2,0.43333333333333335,13,30,290.1031168619792,159.8,50.5,4.972,43.118,8.682,ok,12.767
12,10,2,0.43333333333333335,13,30,239.67067235310873,182.4,55.1,4.898,41.943,8.555,ok,8.285
12,11,2,0.5333333333333333,16,30,285.72139205932615,163.6,51.5,4.944,36.541,7.416,ok,13.614
12,12,2,0.5,15,30,278.45434824625653,160.5,49.6,4.86,38.694,7.944,ok,13.223
12,13,2,0.36666666666666664,11,30,203.5109079996745,149.7,46.0,4.967,40.326,8.114,ok,13.2
12,14,2,0.4,12,30,227.09844233194988,163.76666666666668,47.7,5.045,40.393,8.024,ok,13.065
12,15,2,0.36666666666666664,11,30,202.58220291137695,151.26666666666668,44.7,4.873,39.744,8.157,ok,13.307
12,16,2,0.5,15,30,251.92905858357747,143.93333333333334,44.6,5.012,35.652,7.097,ok,13.319
12,17,2,0.5666666666666667,17,30,341.7711461385091,178.46666666666667,56.1,4.912,41.66,8.478,ok,13.111
12,18,2,0.4666666666666667,14,30,319.77612355550133,172.2,53.4,4.991,43.313,8.689,ok,13.209
12,19,2,0.5,15,30,264.94645868937175,156.5,49.8,4.911,37.209,7.588,ok,13.368
12,20,2,0.5,15,30,311.14539667765297,174.96666666666667,54.6,4.971,41.703,8.381,ok,13.551
12,21,2,0.5666666666666667,17,30,328.9010482788086,167.46666666666667,53.7,5.029,38.938,7.768,ok,13.321
12,22,2,0.4666666666666667,14,30,228.23850682576497,155.0,44.1,4.954,37.759,7.618,ok,13.462
12,23,2,0.5,15,30,296.195597076416,178.5,53.9,5.039,43.061,8.556,ok,13.917
12,24,2,0.4666666666666667,14,30,281.05990549723305,164.06666666666666,50.1,4.984,40.504,8.126,ok,7.162
12,25,2,0.6,18,30,401.6055514017741,180.26666666666668,57.5,5.018,41.978,8.379,ok,13.041
12,26,2,0.4666666666666667,14,30,270.84769134521486,175.4,52.3,5.027,42.668,8.491,ok,13.17
12,27,2,0.5,15,30,283.2993708292643,159.16666666666666,49.6,5.068,38.277,7.555,ok,14.654
12,28,2,0.4666666666666667,14,30,311.10046412150064,173.76666666666668,54.3,4.909,43.377,8.855,ok,12.375
12,29,2,0.43333333333333335,13,30,301.2133295694987,163.16666666666666,50.8,5.088,43.597,8.578,ok,14.34
12,30,2,0.36666666666666664,11,30,212.78264897664388,153.66666666666666,43.9,4.944,43.037,8.716,ok,13.14
12,31,2,0.4,12,30,251.11140263875325,169.0,52.4,4.915,43.112,8.78,ok,12.775
12,32,2,0.4666666666666667,14,30,295.92380650838214,172.46666666666667,52.4,5.01,41.592,8.346,ok,13.608
12,33,2,0.3333333333333333,10,30,198.26927846272787,153.8,45.9,4.99,43.068,8.641,ok,13.864
12,34,2,0.4,12,30,270.2302286783854,177.76666666666668,53.3,5.083,43.867,8.635,ok,13.211
12,35,2,0.3,9,30,161.84458389282227,148.7,43.8,4.996,43.342,8.686,ok,13.22
12,36,2,0.5,15,30,328.27253952026365,181.8,55.4,4.972,40.923,8.251,ok,13.728
12,37,2,0.5333333333333333,16,30,336.3774154663086,171.8,52.9,4.996,40.787,8.163,ok,13.841
12,38,2,0.5333333333333333,16,30,312.30366872151694,175.83333333333334,53.3,4.97,41.196,8.301,ok,9.257
12,39,2,0.43333333333333335,13,30,248.08070602416993,167.4,47.4,4.918,43.473,8.844,ok,10.647
12,40,2,0.5,15,30,278.5424489339193,172.83333333333334,51.6,4.935,39.756,8.071,ok,14.022
12,41,2,0.5666666666666667,17,30,282.0341954549154,175.56666666666666,52.5,4.922,39.212,7.944,ok,14.494
12,42,2,0.5333333333333333,16,30,354.7676564534505,182.06666666666666,56.2,5.049,40.752,8.086,ok,14.379
12,43,2,0.3,9,30,147.38290201822917,146.8,42.6,4.998,38.859,7.81,ok,13.298
12,44,2,0.4,12,30,225.63304392496744,154.1,45.6,4.92,42.967,8.744,ok,13.012
12,45,2,0.5333333333333333,16,30,268.5533645629883,169.4,49.5,4.965,36.704,7.317,ok,13.24
12,46,2,0.3333333333333333,10,30,200.25163497924805,150.63333333333333,45.2,4.868,43.156,8.872,ok,12.664
12,47,2,0.4666666666666667,14,30,307.10719197591146,169.23333333333332,52.4,4.919,42.912,8.729,ok,12.502
12,48,2,0.36666666666666664,11,30,216.83248443603514,163.73333333333332,50.0,5.009,42.15,8.418,ok,13.448
12,49,2,0.4666666666666667,14,30,275.0700050354004,169.73333333333332,50.9,5.011,40.385,8.066,ok,13.322
12,50,2,0.43333333333333335,13,30,193.98400166829427,164.16666666666666,44.8,5.186,39.003,7.488,ok,13.93
16,50,3,0.5333333333333333,16,30,378.0697967529297,177.63333333333333,57.2,4.974,43.09,8.669,ok,12.917
16,2,3,0.6,18,30,410.6748555501302,199.53333333333333,63.3,4.98,40.75,8.194,ok,13.275
16,3,3,0.5,15,30,233.59713236490884,163.13333333333333,49.1,4.881,37.923,7.818,ok,13.421
16,4,3,0.5,15,30,292.96434580485027,175.63333333333333,52.4,5.032,43.068,8.572,ok,13.596
16,5,3,0.5666666666666667,17,30,315.45612106323244,162.0,51.4,4.987,36.476,7.341,ok,12.281
16,6,3,0.6333333333333333,19,30,470.76072998046874,197.7,64.8,5.017,43.457,8.672,ok,13.381
16,7,3,0.4,12,30,250.153843943278,160.86666666666667,48.9,4.943,43.556,8.84,ok,12.463
16,8,3,0.6333333333333333,19,30,362.60768864949546,178.93333333333334,54.7,5.011,37.099,7.435,ok,12.403
16,9,3,0.36666666666666664,11,30,223.58114522298177,150.63333333333333,46.3,4.967,43.009,8.671,ok,12.306
16,10,3,0.43333333333333335,13,30,288.86071497599283,167.96666666666667,52.4,4.962,42.992,8.671,ok,9.509
16,11,3,0.43333333333333335,13,30,262.07519785563153,150.53333333333333,47.0,4.971,41.298,8.335,ok,11.361
16,12,3,0.5333333333333333,16,30,357.6458915710449,178.9,58.3,4.927,40.744,8.297,ok,13.181
16,13,3,0.3333333333333333,10,30,108.184814453125,128.63333333333333,37.6,4.938,31.751,6.383,ok,12.132
16,14,3,0.36666666666666664,11,30,200.64231974283854,155.1,45.8,5.02,40.121,8.019,ok,13.705
16,15,3,0.6,18,30,430.22266184488933,197.26666666666668,63.1,4.999,42.89,8.591,ok,12.817
16,16,3,0.5333333333333333,16,30,381.6436747233073,180.63333333333333,57.3,4.981,43.622,8.767,ok,13.093
16,17,3,0.43333333333333335,13,30,257.28807601928713,157.9,48.6,4.931,42.496,8.633,ok,12.734
16,18,3,0.4666666666666667,14,30,291.13601201375326,166.53333333333333,51.9,4.92,40.5,8.229,ok,12.816
16,19,3,0.7333333333333333,22,30,536.3496612548828,212.76666666666668,70.1,5.067,42.214,8.354,ok,13.39
16,20,3,0.5,15,30,267.88698755900066,168.7,51.9,4.917,38.244,7.773,ok,14.113
16,21,3,0.43333333333333335,13,30,270.85750783284504,165.16666666666666,50.6,5.043,40.2,7.979,ok,13.753
16,22,3,0.43333333333333335,13,30,289.28474985758464,174.4,54.2,4.838,43.163,8.936,ok,12.598
16,23,3,0.5,15,30,347.05275370279946,172.63333333333333,55.7,4.989,43.267,8.684,ok,12.877
16,24,3,0.4,12,30,253.4004918416341,148.26666666666668,46.8,4.978,43.064,8.671,ok,12.788
16,25,3,0.5333333333333333,16,30,358.43032887776695,182.3,57.6,5.061,42.074,8.332,ok,6.941
16,26,3,0.6666666666666666,20,30,460.0154184977213,201.8,62.7,5.062,41.299,8.171,ok,14.008
16,27,3,0.3,9,30,151.41699295043946,144.9,42.9,5.007,42.359,8.458,ok,14.367
16,28,3,0.6333333333333333,19,30,420.67228368123375,182.13333333333333,58.7,4.982,41.253,8.28,ok,13.716
16,29,3,0.36666666666666664,11,30,169.6626449584961,145.5,41.8,5.055,40.122,7.946,ok,13.97
16,30,3,0.4666666666666667,14,30,226.3967597961426,158.33333333333334,46.9,4.994,37.719,7.552,ok,13.354
16,31,3,0.4,12,30,272.8815292358398,166.03333333333333,51.0,5.0,43.335,8.671,ok,13.196
16,32,3,0.4666666666666667,14,30,307.6631205240885,174.26666666666668,53.5,4.964,43.189,8.711,ok,12.947
16,33,3,0.4666666666666667,14,30,305.6701817830404,171.0,52.5,5.057,43.757,8.664,ok,13.357
16,34,3,0.36666666666666664,11,30,202.59037958780925,161.13333333333333,47.7,5.047,42.454,8.398,ok,14.019
16,35,3,0.7333333333333333,22,30,549.7554921468098,204.4,68.6,4.932,42.867,8.703,ok,13.285
16,36,3,0.6333333333333333,19,30,437.52127304077146,191.6,62.2,4.955,41.24,8.313,ok,13.515
16,37,3,0.36666666666666664,11,30,176.21307118733725,163.7,47.9,5.022,39.795,7.947,ok,14.2
16,38,3,0.5333333333333333,16,30,386.51367645263673,184.3,60.0,4.856,42.869,8.834,ok,12.318
16,39,3,0.23333333333333334,7,30,102.6712272644043,139.6,39.8,4.9,42.853,8.751,ok,8.109
16,40,3,0.5333333333333333,16,30,367.6565315246582,173.1,56.3,4.9,42.982,8.789,ok,11.373
16,41,3,0.5,15,30,340.329886118571,165.86666666666667,53.4,4.964,42.978,8.668,ok,13.266
16,42,3,0.4666666666666667,14,30,330.354091389974,169.96666666666667,54.4,4.97,43.473,8.755,ok,13.453
16,43,3,0.5666666666666667,17,30,249.29090169270833,162.6,49.1,4.936,34.742,6.972,ok,13.681
16,44,3,0.5,15,30,314.85765431722007,162.33333333333334,50.4,4.995,40.626,8.113,ok,13.369
16,45,3,0.5333333333333333,16,30,337.8319508870443,186.8,57.1,4.971,42.824,8.631,ok,13.849
16,46,3,0.4,12,30,233.6772893269857,157.06666666666666,46.8,5.035,40.181,7.962,ok,13.4
16,47,3,0.36666666666666664,11,30,151.62674255371093,147.6,41.6,5.005,36.389,7.251,ok,13.302
16,48,3,0.5,15,30,306.4441088358561,161.03333333333333,51.5,4.875,42.723,8.765,ok,12.759
16,49,3,0.5666666666666667,17,30,319.33077850341795,181.93333333333334,56.4,4.938,36.785,7.397,ok,12.405
16,50,3,0.5333333333333333,16,30,378.0697967529297,177.63333333333333,57.2,4.974,43.09,8.669,ok,12.917
20,50,4,0.23333333333333334,7,30,127.56677551269532,153.16666666666666,43.9,5.029,42.922,8.546,ok,13.206
20,2,4,0.5333333333333333,16,30,346.1360122680664,186.43333333333334,58.8,4.891,40.694,8.358,ok,12.941
20,3,4,0.43333333333333335,13,30,276.7619778951009,173.33333333333334,51.4,4.874,42.801,8.789,ok,13.054
20,4,4,0.43333333333333335,13,30,263.12491302490236,165.26666666666668,50.5,4.938,40.259,8.153,ok,12.872
20,5,4,0.3333333333333333,10,30,154.64585088094074,139.86666666666667,41.3,4.866,42.223,8.681,ok,13.075
20,6,4,0.5,15,30,243.67268091837565,165.9,48.6,4.961,35.98,7.283,ok,13.664
20,7,4,0.36666666666666664,11,30,231.25501251220703,156.16666666666666,46.5,5.0,43.399,8.684,ok,13.046
20,8,4,0.4666666666666667,14,30,233.68954060872395,163.56666666666666,46.7,4.999,40.597,8.122,ok,14.598
20,9,4,0.3,9,30,156.5971824645996,138.1,40.6,5.016,43.258,8.634,ok,13.509
20,10,4,0.3333333333333333,10,30,157.90786107381186,148.13333333333333,44.8,4.844,39.723,8.194,ok,13.217
20,11,4,0.4,12,30,257.85338083902997,168.03333333333333,52.3,4.89,39.679,8.139,ok,10.578
20,12,4,0.4666666666666667,14,30,314.24362665812174,165.76666666666668,52.0,4.933,43.246,8.773,ok,8.903
20,13,4,0.4666666666666667,14,30,322.02060546875,185.33333333333334,60.3,4.87,42.626,8.77,ok,13.618
20,14,4,0.36666666666666664,11,30,206.05143508911132,160.96666666666667,47.7,4.907,39.804,8.134,ok,13.676
20,15,4,0.4,12,30,230.91456934611003,163.4,47.0,4.993,39.875,7.971,ok,13.268
20,16,4,0.43333333333333335,13,30,279.07318954467775,170.86666666666667,51.9,4.951,43.012,8.701,ok,13.592
20,17,4,0.36666666666666664,11,30,166.92175903320313,154.86666666666667,45.3,4.893,36.027,7.365,ok,13.885
20,18,4,0.4,12,30,173.8489672342936,151.06666666666666,45.3,5.017,34.192,6.767,ok,13.283
20,19,4,0.43333333333333335,13,30,324.20077896118164,183.76666666666668,58.1,5.017,43.668,8.712,ok,12.822
20,20,4,0.43333333333333335,13,30,210.13382670084636,153.73333333333332,46.2,4.932,37.964,7.665,ok,13.11
20,21,4,0.4666666666666667,14,30,269.89148534138997,165.96666666666667,48.7,5.04,40.194,7.983,ok,13.388
20,22,4,0.5,15,30,245.7795550028483,159.63333333333333,47.7,4.956,37.76,7.604,ok,12.382
20,23,4,0.5333333333333333,16,30,360.4316749572754,198.96666666666667,59.8,4.946,42.82,8.683,ok,14.437
20,24,4,0.4,12,30,249.80380401611328,155.76666666666668,48.6,4.905,43.147,8.804,ok,12.497
20,25,4,0.43333333333333335,13,30,293.1688710530599,180.3,54.4,4.88,43.101,8.844,ok,14.192
20,26,4,0.43333333333333335,13,30,296.33996454874676,164.76666666666668,51.8,4.96,43.673,8.812,ok,7.439
20,27,4,0.43333333333333335,13,30,264.8352121988932,169.46666666666667,52.9,4.926,40.574,8.262,ok,13.322
20,28,4,0.4,12,30,238.92929611206054,179.16666666666666,53.7,4.89,41.471,8.512,ok,15.001
20,29,4,0.4,12,30,266.1247286478678,166.4,51.1,5.025,43.248,8.616,ok,13.413
20,30,4,0.3,9,30,179.22271321614582,155.23333333333332,44.5,5.073,43.085,8.501,ok,13.434
20,31,4,0.4,12,30,238.6183827718099,170.53333333333333,51.6,4.983,40.117,8.083,ok,13.258
20,32,4,0.43333333333333335,13,30,265.2118504842122,183.6,55.1,4.989,42.93,8.601,ok,13.77
20,33,4,0.4,12,30,229.04381993611653,155.36666666666667,46.9,4.94,43.17,8.754,ok,13.53
20,34,4,0.5333333333333333,16,30,340.3647740681966,180.66666666666666,55.2,5.04,41.311,8.167,ok,13.213
20,35,4,0.26666666666666666,8,30,132.79952163696288,153.93333333333334,43.7,4.947,43.156,8.726,ok,12.851
20,36,4,0.4,12,30,224.4983258565267,153.26666666666668,46.6,4.953,40.121,8.101,ok,13.512
20,37,4,0.3333333333333333,10,30,164.609952545166,151.96666666666667,44.3,4.984,39.571,7.905,ok,13.151
20,38,4,0.36666666666666664,11,30,244.57459208170573,157.3,48.5,5.051,43.317,8.583,ok,12.773
20,39,4,0.5,15,30,273.998562113444,162.66666666666666,50.7,4.921,41.517,8.465,ok,13.713
20,40,4,0.43333333333333335,13,30,252.58472747802733,177.16666666666666,52.6,5.092,40.725,8.02,ok,9.104
20,41,4,0.3,9,30,159.3434679667155,148.9,42.2,5.067,43.422,8.576,ok,12.408
20,42,4,0.5666666666666667,17,30,351.8431770324707,190.56666666666666,59.7,5.062,42.193,8.364,ok,14.255
20,43,4,0.3,9,30,70.9469217936198,130.13333333333333,35.3,5.058,30.906,6.109,ok,13.243
20,44,4,0.5666666666666667,17,30,347.6586057027181,183.96666666666667,59.1,4.9,40.957,8.366,ok,13.447
20,45,4,0.5666666666666667,17,30,322.3812817891439,172.9,53.1,4.971,39.372,7.95,ok,13.035
20,46,4,0.3333333333333333,10,30,187.63801091512045,164.0,47.8,5.0,39.266,7.875,ok,13.14
20,47,4,0.3333333333333333,10,30,205.01298014322916,161.63333333333333,48.3,4.978,43.184,8.682,ok,14.096
20,48,4,0.6333333333333333,19,30,457.6541557312012,188.46666666666667,60.5,5.087,43.189,8.522,ok,14.763
20,49,4,0.5,15,30,292.6367492675781,166.43333333333334,53.0,4.873,40.58,8.312,ok,14.221
20,50,4,0.23333333333333334,7,30,127.56677551269532,153.16666666666666,43.9,5.029,42.922,8.546,ok,13.206
24,50,5,0.4666666666666667,14,30,322.3707529703776,191.8,58.6,4.916,43.161,8.79,ok,14.05
24,2,5,0.5666666666666667,17,30,368.88953119913737,177.66666666666666,57.3,4.9,40.612,8.315,ok,13.329
24,3,5,0.5666666666666667,17,30,382.9908363342285,179.06666666666666,58.0,4.932,40.998,8.324,ok,12.839
24,4,5,0.3333333333333333,10,30,164.16717758178712,141.26666666666668,42.5,5.024,39.581,7.884,ok,13.322
24,5,5,0.4666666666666667,14,30,253.69443181355794,154.76666666666668,48.1,4.917,37.923,7.738,ok,12.926
24,6,5,0.4666666666666667,14,30,266.6554796854655,174.63333333333333,52.7,5.001,39.622,7.891,ok,13.812
24,7,5,0.4666666666666667,14,30,238.7370127360026,157.63333333333333,50.0,4.977,36.918,7.486,ok,12.987
24,8,5,0.3,9,30,174.47284774780275,147.8,43.7,4.947,42.922,8.689,ok,13.234
24,9,5,0.5,15,30,270.77633310953775,158.1,50.0,4.961,35.928,7.256,ok,14.341
24,10,5,0.3333333333333333,10,30,190.5336835225423,162.9,47.7,4.878,42.977,8.822,ok,13.169
24,11,5,0.36666666666666664,11,30,222.34251276652017,160.86666666666667,47.9,4.973,43.204,8.699,ok,10.068
24,12,5,0.36666666666666664,11,30,183.7733996073405,147.0,42.9,4.936,40.241,8.11,ok,9.875
24,13,5,0.6666666666666666,20,30,469.3434247334798,196.86666666666667,64.7,4.91,41.538,8.451,ok,13.682
24,14,5,0.3333333333333333,10,30,168.88432973225912,153.03333333333333,45.5,4.82,42.626,8.845,ok,13.065
24,15,5,0.5666666666666667,17,30,383.5812858581543,183.8,60.1,4.902,40.898,8.347,ok,13.696
24,16,5,0.5333333333333333,16,30,360.33335876464844,183.46666666666667,56.7,5.029,41.816,8.328,ok,12.205
24,17,5,0.3333333333333333,10,30,167.03445129394532,146.7,43.5,4.948,39.646,7.98,ok,13.966
24,18,5,0.26666666666666666,8,30,105.69639358520507,140.86666666666667,41.7,4.95,35.277,7.11,ok,13.797
24,19,5,0.5,15,30,308.44641265869143,175.5,52.0,5.068,41.83,8.254,ok,13.716
24,20,5,0.5,15,30,305.7446467081706,163.73333333333332,51.6,4.94,40.518,8.198,ok,12.932
24,21,5,0.5,15,30,336.6422182718913,169.26666666666668,52.8,5.129,43.385,8.546,ok,15.282
24,22,5,0.4666666666666667,14,30,304.99181213378904,178.96666666666667,56.8,5.03,40.786,8.119,ok,13.878
24,23,5,0.36666666666666664,11,30,216.61760635375975,150.43333333333334,44.7,4.953,43.529,8.804,ok,14.527
24,24,5,0.43333333333333335,13,30,237.04254887898762,169.16666666666666,50.5,5.017,39.363,7.871,ok,13.128
24,25,5,0.26666666666666666,8,30,145.87670084635417,148.83333333333334,43.8,5.042,43.55,8.642,ok,13.333
24,26,5,0.5333333333333333,16,30,266.23916447957356,159.93333333333334,48.6,4.932,36.203,7.351,ok,13.754
24,27,5,0.5,15,30,288.2786801656087,171.43333333333334,52.4,4.897,40.765,8.375,ok,14.854
24,28,5,0.4,12,30,245.0478546142578,173.16666666666666,53.0,5.028,40.202,7.996,ok,13.949
24,29,5,0.5,15,30,322.72304560343423,172.2,53.6,5.003,40.547,8.104,ok,9.657
24,30,5,0.43333333333333335,13,30,279.31069361368816,180.53333333333333,54.8,4.954,40.303,8.172,ok,12.553
24,31,5,0.3333333333333333,10,30,92.40816090901693,132.1,38.1,4.926,29.195,5.853,ok,13.467
24,32,5,0.4666666666666667,14,30,296.78062540690104,180.03333333333333,54.7,5.083,40.838,8.02,ok,13.788
24,33,5,0.4,12,30,165.74244333902996,151.03333333333333,43.0,4.933,36.812,7.401,ok,12.895
24,34,5,0.5,15,30,322.1034355163574,170.6,54.0,5.004,40.527,8.101,ok,13.572
24,35,5,0.5666666666666667,17,30,406.57617238362633,186.7,61.4,4.926,43.204,8.788,ok,13.922
24,36,5,0.6,18,30,360.5247538248698,186.13333333333333,57.0,5.04,39.129,7.786,ok,14.351
24,37,5,0.3333333333333333,10,30,165.54208323160807,135.33333333333334,41.6,4.954,39.358,7.953,ok,12.75
24,38,5,0.4666666666666667,14,30,291.5671864827474,173.8,53.6,4.98,41.394,8.315,ok,12.886
24,39,5,0.3333333333333333,10,30,139.8474604288737,150.36666666666667,42.2,4.936,36.613,7.396,ok,13.325
24,40,5,0.4666666666666667,14,30,314.83057861328126,171.13333333333333,55.2,4.913,40.243,8.229,ok,13.01
24,41,5,0.43333333333333335,13,30,310.071231842041,180.16666666666666,57.4,4.986,43.443,8.727,ok,13.648
24,42,5,0.43333333333333335,13,30,286.119864654541,165.26666666666668,52.8,4.891,42.992,8.807,ok,13.231
24,43,5,0.4,12,30,233.046861521403,163.7,49.8,5.067,40.426,8.002,ok,10.438
24,44,5,0.36666666666666664,11,30,229.1168243408203,178.23333333333332,53.5,4.907,43.137,8.795,ok,10.564
24,45,5,0.5333333333333333,16,30,363.28846282958983,186.26666666666668,56.9,5.014,43.089,8.6,ok,14.182
24,46,5,0.4666666666666667,14,30,263.293544514974,161.43333333333334,48.7,4.959,40.868,8.251,ok,13.939
24,47,5,0.4666666666666667,14,30,313.1437100728353,161.9,52.5,4.857,43.317,8.922,ok,12.981
24,48,5,0.4,12,30,266.41361770629885,170.6,51.3,4.983,43.333,8.712,ok,14.639
24,49,5,0.6,18,30,445.478537495931,191.33333333333334,62.1,5.017,43.194,8.625,ok,14.711
24,50,5,0.4666666666666667,14,30,322.3707529703776,191.8,58.6,4.916,43.161,8.79,ok,14.05
28,50,6,0.3,9,30,84.95419057210286,128.53333333333333,35.5,4.984,35.218,7.014,ok,13.547
28,2,6,0.36666666666666664,11,30,210.32835261027017,165.23333333333332,45.0,5.087,43.68,8.597,ok,14.219
28,3,6,0.26666666666666666,8,30,87.21811294555664,137.7,38.1,4.907,38.068,7.809,ok,12.795
28,4,6,0.36666666666666664,11,30,188.99066034952799,157.63333333333333,43.3,4.931,43.03,8.734,ok,13.094
28,5,6,0.3333333333333333,10,30,201.40926869710287,144.33333333333334,44.6,4.792,42.782,8.943,ok,12.541
28,6,6,0.3,9,30,137.0366574605306,134.56666666666666,40.4,4.882,41.021,8.403,ok,13.033
28,7,6,0.2,6,30,81.89359639485677,139.0,38.3,4.997,43.297,8.677,ok,12.581
28,8,6,0.4666666666666667,14,30,308.80213775634763,166.9,51.3,5.01,43.136,8.618,ok,12.858
28,9,6,0.3,9,30,210.4613166809082,159.8,48.7,5.073,43.296,8.545,ok,13.26
28,10,6,0.5,15,30,298.7948252360026,184.46666666666667,54.6,4.899,41.095,8.348,ok,14.197
28,11,6,0.6,18,30,371.69165929158527,175.53333333333333,55.2,5.011,39.248,7.825,ok,13.647
28,12,6,0.43333333333333335,13,30,239.5910186767578,159.63333333333333,48.6,4.922,40.765,8.285,ok,12.958
28,13,6,0.36666666666666664,11,30,171.9679168701172,162.1,45.1,4.853,39.322,8.102,ok,13.62
28,14,6,0.4,12,30,235.54050852457684,151.9,47.3,4.893,40.414,8.263,ok,11.584
28,15,6,0.36666666666666664,11,30,154.37615025838215,147.16666666666666,43.3,4.916,37.491,7.659,ok,9.313
28,16,6,0.36666666666666664,11,30,205.28396021525066,161.5,46.6,5.067,42.108,8.313,ok,14.444
28,17,6,0.36666666666666664,11,30,215.63131357828777,159.2,48.0,4.895,43.007,8.79,ok,12.746
28,18,6,0.4,12,30,201.52570648193358,174.6,50.8,5.008,37.279,7.454,ok,13.648
28,19,6,0.3333333333333333,10,30,169.22520167032877,155.23333333333332,44.6,4.966,40.547,8.151,ok,13.707
28,20,6,0.3333333333333333,10,30,169.53787892659506,149.76666666666668,43.6,5.206,43.973,8.476,ok,14.893
28,21,6,0.3333333333333333,10,30,140.90769220987957,152.7,43.4,4.922,39.784,8.117,ok,13.19
28,22,6,0.36666666666666664,11,30,150.05192387898762,142.63333333333333,40.5,4.964,36.225,7.279,ok,13.195
28,23,6,0.3,9,30,180.2275759379069,145.0,43.2,4.92,42.963,8.744,ok,13.045
28,24,6,0.36666666666666664,11,30,200.33396606445314,149.13333333333333,44.4,4.987,39.684,7.954,ok,13.298
28,25,6,0.36666666666666664,11,30,224.13172302246093,155.03333333333333,47.7,4.896,42.844,8.755,ok,13.955
28,26,6,0.36666666666666664,11,30,173.83887379964193,158.56666666666666,45.0,4.944,39.7,8.025,ok,17.176
28,27,6,0.23333333333333334,7,30,92.18739267985026,139.13333333333333,38.1,5.191,43.969,8.48,ok,11.455
28,28,6,0.4,12,30,253.15375289916992,171.46666666666667,50.1,4.94,43.3,8.768,ok,13.151
28,29,6,0.4666666666666667,14,30,263.4373140970866,158.1,49.1,4.857,40.45,8.336,ok,6.883
28,30,6,0.4,12,30,260.0189682006836,184.56666666666666,54.5,4.993,43.22,8.66,ok,13.815
28,31,6,0.3,9,30,96.13697942097981,132.53333333333333,38.0,4.824,37.504,7.829,ok,12.787
28,32,6,0.23333333333333334,7,30,101.98586578369141,142.66666666666666,39.0,4.994,43.26,8.67,ok,13.706
28,33,6,0.5333333333333333,16,30,317.9364191691081,170.03333333333333,54.1,4.927,39.469,8.04,ok,13.958
28,34,6,0.3333333333333333,10,30,134.05524444580078,143.96666666666667,41.5,5.028,36.911,7.34,ok,13.587
28,35,6,0.4666666666666667,14,30,307.62310791015625,176.86666666666667,52.8,4.954,43.524,8.787,ok,13.424
28,36,6,0.36666666666666664,11,30,241.143354288737,155.16666666666666,48.1,4.922,43.064,8.756,ok,13.544
28,37,6,0.4666666666666667,14,30,217.9715138753255,156.83333333333334,46.7,4.934,36.412,7.38,ok,13.141
28,38,6,0.23333333333333334,7,30,90.39791946411133,143.03333333333333,37.9,4.949,42.732,8.637,ok,13.18
28,39,6,0.43333333333333335,13,30,214.51711552937826,143.26666666666668,43.3,4.855,37.302,7.688,ok,12.953
28,40,6,0.23333333333333334,7,30,93.87650146484376,147.73333333333332,40.9,5.034,43.219,8.595,ok,14.565
28,41,6,0.3,9,30,120.4878761291504,148.03333333333333,41.1,4.882,39.152,8.004,ok,12.633
28,42,6,0.4,12,30,228.5192766825358,153.76666666666668,47.2,4.987,39.805,8.012,ok,12.913
28,43,6,0.3333333333333333,10,30,185.43956705729167,138.23333333333332,40.3,4.904,42.84,8.744,ok,10.313
28,44,6,0.5,15,30,283.7669865926107,178.96666666666667,55.4,4.844,39.195,8.091,ok,10.973
28,45,6,0.4,12,30,191.5793909708659,156.93333333333334,43.9,4.96,37.326,7.542,ok,13.771
28,46,6,0.3333333333333333,10,30,169.05482076009113,150.36666666666667,45.0,4.962,39.814,8.028,ok,13.137
28,47,6,0.2,6,30,82.25186030069987,131.46666666666667,37.4,4.94,43.557,8.82,ok,12.828
28,48,6,0.36666666666666664,11,30,148.16330134073894,152.1,43.1,4.965,40.213,8.134,ok,13.517
28,49,6,0.3,9,30,144.37475814819337,141.6,40.2,4.882,43.268,8.876,ok,13.206
28,50,6,0.3,9,30,84.95419057210286,128.53333333333333,35.5,4.984,35.218,7.014,ok,13.547
32,50,7,0.43333333333333335,13,30,270.83671442667645,170.8,51.4,4.923,43.363,8.82,ok,13.837
32,2,7,0.6,18,30,383.58849334716797,178.06666666666666,58.5,4.904,41.294,8.429,ok,7.183
32,3,7,0.3333333333333333,10,30,144.1339121500651,141.9,41.1,4.916,39.382,7.997,ok,13.59
32,4,7,0.4,12,30,261.0999087015788,167.0,52.1,4.847,43.167,8.918,ok,13.662
32,5,7,0.5333333333333333,16,30,340.04505462646483,176.2,54.9,4.94,40.899,8.288,ok,14.116
32,6,7,0.43333333333333335,13,30,220.06521504720052,165.36666666666667,49.6,4.854,40.036,8.275,ok,12.997
32,7,7,0.4,12,30,233.12521947224934,156.63333333333333,46.5,4.91,43.638,8.903,ok,15.424
32,8,7,0.4,12,30,267.53589986165366,154.9,48.6,4.927,42.782,8.691,ok,11.827
32,9,7,0.43333333333333335,13,30,269.5319445292155,159.66666666666666,47.9,4.949,43.323,8.76,ok,13.438
32,10,7,0.43333333333333335,13,30,284.623206837972,176.43333333333334,52.8,5.008,43.296,8.658,ok,14.884
32,11,7,0.5,15,30,344.2151227315267,190.36666666666667,58.6,4.919,43.045,8.767,ok,13.883
32,12,7,0.5,15,30,234.95782674153645,154.86666666666667,47.5,4.977,35.907,7.259,ok,13.672
32,13,7,0.3333333333333333,10,30,160.76674677530926,147.86666666666667,42.7,4.956,39.835,8.053,ok,15.209
32,14,7,0.36666666666666664,11,30,235.51304143269857,164.7,49.6,5.0,43.191,8.661,ok,13.758
32,15,7,0.23333333333333334,7,30,69.4517578125,140.56666666666666,38.1,4.954,37.688,7.651,ok,14.253
32,16,7,0.23333333333333334,7,30,78.45297927856446,143.2,40.3,4.843,37.767,7.808,ok,9.412
32,17,7,0.5,15,30,260.5033009847005,169.93333333333334,52.8,4.964,37.422,7.612,ok,12.816
32,18,7,0.43333333333333335,13,30,256.91674880981446,149.73333333333332,47.9,4.894,40.952,8.376,ok,13.797
32,19,7,0.4666666666666667,14,30,268.2501157124837,161.9,50.5,4.927,40.64,8.265,ok,13.66
32,20,7,0.43333333333333335,13,30,265.034755452474,181.4,51.4,4.985,42.945,8.625,ok,13.874
32,21,7,0.4666666666666667,14,30,310.11254552205406,178.6,54.6,4.966,43.202,8.704,ok,13.585
32,22,7,0.43333333333333335,13,30,182.25520553588868,159.76666666666668,47.5,4.974,34.887,7.031,ok,13.568
32,23,7,0.43333333333333335,13,30,265.3396728515625,172.3,50.3,5.003,43.506,8.705,ok,15.012
32,24,7,0.4666666666666667,14,30,243.18551712036134,149.6,46.9,4.926,38.032,7.686,ok,13.414
32,25,7,0.6333333333333333,19,30,333.4160062154134,183.1,58.4,4.872,38.931,8.0,ok,13.821
32,26,7,0.43333333333333335,13,30,215.67565358479817,166.7,48.2,4.948,39.43,7.979,ok,13.56
32,27,7,0.36666666666666664,11,30,210.58140385945637,153.73333333333332,47.8,4.802,40.289,8.382,ok,14.056
32,28,7,0.43333333333333335,13,30,294.76430333455403,165.63333333333333,52.3,4.966,43.163,8.699,ok,13.908
32,29,7,0.43333333333333335,13,30,255.9033625284831,163.46666666666667,49.9,5.0,40.457,8.147,ok,13.492
32,30,7,0.43333333333333335,13,30,228.64259287516276,158.46666666666667,47.9,4.942,40.352,8.173,ok,7.714
32,31,7,0.5,15,30,330.88304773966473,183.53333333333333,55.9,4.928,43.291,8.791,ok,13.679
32,32,7,0.36666666666666664,11,30,188.32938690185546,163.66666666666666,45.9,4.991,39.824,7.972,ok,13.956
32,33,7,0.4,12,30,200.28700739542643,151.3,43.8,4.98,39.961,8.001,ok,13.436
32,34,7,0.4666666666666667,14,30,263.3574409484863,176.6,53.6,4.936,39.642,8.018,ok,13.98
32,35,7,0.36666666666666664,11,30,246.39584401448568,172.56666666666666,52.8,4.949,42.763,8.649,ok,14.497
32,36,7,0.36666666666666664,11,30,229.9672742207845,162.36666666666667,50.6,4.884,43.07,8.834,ok,13.78
32,37,7,0.4666666666666667,14,30,280.523999786377,171.4,50.4,5.023,43.283,8.622,ok,13.586
32,38,7,0.36666666666666664,11,30,195.41570358276368,155.5,47.3,4.949,40.637,8.228,ok,14.915
32,39,7,0.5333333333333333,16,30,300.1063723246256,156.1,49.4,4.97,39.188,7.876,ok,14.494
32,40,7,0.5333333333333333,16,30,329.95476582845055,181.9,56.9,4.997,40.98,8.252,ok,13.835
32,41,7,0.36666666666666664,11,30,214.30393753051757,149.6,44.4,5.031,43.157,8.585,ok,13.939
32,42,7,0.5,15,30,331.06337661743163,174.23333333333332,55.1,4.957,40.632,8.182,ok,13.12
32,43,7,0.4,12,30,203.73793131510416,157.33333333333334,48.6,4.885,37.229,7.566,ok,13.486
32,44,7,0.36666666666666664,11,30,218.37127024332682,155.6,46.7,4.856,42.831,8.827,ok,7.58
32,45,7,0.4,12,30,212.6292859395345,151.16666666666666,45.3,4.898,40.881,8.344,ok,14.187
32,46,7,0.5,15,30,286.32530568440757,166.6,50.6,4.965,38.028,7.676,ok,14.126
32,47,7,0.3333333333333333,10,30,158.82067311604817,137.46666666666667,41.0,5.002,39.41,7.888,ok,14.008
32,48,7,0.4,12,30,223.60233408610026,172.53333333333333,53.1,4.973,43.286,8.712,ok,14.652
32,49,7,0.5,15,30,337.5787020365397,178.7,56.3,4.908,43.092,8.786,ok,14.535
32,50,7,0.43333333333333335,13,30,270.83671442667645,170.8,51.4,4.923,43.363,8.82,ok,13.837
36,50,8,0.4666666666666667,14,30,312.73326670328777,170.3,53.9,4.88,43.248,8.869,ok,13.039
36,2,8,0.4,12,30,205.56788711547853,143.93333333333334,42.3,4.988,39.865,8.011,ok,7.796
36,3,8,0.4666666666666667,14,30,302.565901184082,168.53333333333333,53.6,4.943,43.507,8.809,ok,11.947
36,4,8,0.43333333333333335,13,30,254.19303868611652,163.63333333333333,49.7,4.932,40.286,8.19,ok,13.429
36,5,8,0.26666666666666666,8,30,128.26171544392903,137.13333333333333,40.0,5.022,43.287,8.628,ok,12.911
36,6,8,0.4666666666666667,14,30,283.35754877726237,155.73333333333332,49.3,4.94,40.68,8.217,ok,12.923
36,7,8,0.5,15,30,301.5325096130371,171.5,53.1,4.911,40.859,8.309,ok,13.497
36,8,8,0.3,9,30,113.69352874755859,131.66666666666666,36.5,4.833,38.542,7.947,ok,14.299
36,9,8,0.3,9,30,129.25407689412435,128.3,36.1,4.898,43.515,8.89,ok,13.141
36,10,8,0.43333333333333335,13,30,260.9808095296224,165.7,49.7,5.017,43.268,8.627,ok,14.391
36,11,8,0.23333333333333334,7,30,94.17726643880208,138.43333333333334,39.8,4.974,43.048,8.663,ok,14.165
36,12,8,0.43333333333333335,13,30,215.72296244303385,149.0,44.9,4.888,37.579,7.624,ok,13.033
36,13,8,0.26666666666666666,8,30,100.46302719116211,145.36666666666667,40.9,4.802,38.186,7.981,ok,13.974
36,14,8,0.4,12,30,178.9871037801107,150.36666666666667,42.6,4.98,37.176,7.487,ok,13.394
36,15,8,0.5,15,30,236.94323069254557,172.1,50.1,5.009,37.899,7.505,ok,13.894
36,16,8,0.43333333333333335,13,30,231.13054224650065,163.93333333333334,51.2,4.955,42.13,8.499,ok,11.01
36,17,8,0.4666666666666667,14,30,312.11949259440104,169.7,52.6,4.89,43.055,8.808,ok,9.602
36,18,8,0.5,15,30,318.26880671183267,169.93333333333334,53.9,4.928,40.417,8.215,ok,13.335
36,19,8,0.3333333333333333,10,30,97.64676284790039,146.96666666666667,39.7,4.722,36.326,7.605,ok,15.113
36,20,8,0.2,6,30,45.86114349365234,124.16666666666667,33.3,5.047,43.294,8.589,ok,11.924
36,21,8,0.5333333333333333,16,30,303.87033996582034,166.83333333333334,53.1,4.862,38.144,7.872,ok,13.549
36,22,8,0.4,12,30,252.7743069966634,159.6,49.2,4.983,43.264,8.688,ok,12.832
36,23,8,0.5,15,30,327.4695546468099,171.03333333333333,53.3,4.959,43.116,8.704,ok,13.249
36,24,8,0.5666666666666667,17,30,316.61227696736654,160.96666666666667,51.9,4.885,38.752,7.968,ok,13.354
36,25,8,0.4666666666666667,14,30,218.6753776550293,165.86666666666667,47.0,4.924,38.312,7.761,ok,14.63
36,26,8,0.4666666666666667,14,30,278.20493647257484,153.86666666666667,49.2,4.933,40.644,8.292,ok,13.206
36,27,8,0.4,12,30,187.2857795715332,147.16666666666666,44.1,5.023,38.329,7.628,ok,14.416
36,28,8,0.43333333333333335,13,30,237.60435104370117,178.3,53.0,4.968,40.556,8.159,ok,14.814
36,29,8,0.36666666666666664,11,30,222.4758206685384,157.76666666666668,47.8,4.936,42.973,8.73,ok,13.101
36,30,8,0.5333333333333333,16,30,300.86937001546227,171.73333333333332,54.1,4.914,38.403,7.853,ok,11.652
36,31,8,0.4666666666666667,14,30,301.26974512736,165.83333333333334,52.2,5.066,40.726,8.017,ok,10.348
36,32,8,0.3,9,30,148.0919283548991,135.23333333333332,40.6,4.853,42.815,8.825,ok,13.49
36,33,8,0.4666666666666667,14,30,219.101926167806,143.93333333333334,44.5,4.901,35.153,7.209,ok,13.764
36,34,8,0.43333333333333335,13,30,209.97870508829752,160.63333333333333,46.8,4.889,37.67,7.71,ok,13.229
36,35,8,0.4666666666666667,14,30,286.7345547993978,164.83333333333334,50.2,5.091,41.181,8.094,ok,14.502
36,36,8,0.36666666666666664,11,30,171.064195505778,158.86666666666667,44.6,5.016,39.88,7.956,ok,13.874
36,37,8,0.3333333333333333,10,30,154.30942509969074,154.13333333333333,44.8,4.906,41.703,8.508,ok,12.789
36,38,8,0.5,15,30,288.07554016113284,167.03333333333333,51.2,4.867,40.658,8.391,ok,13.659
36,39,8,0.36666666666666664,11,30,179.7170270284017,139.3,43.2,4.855,36.399,7.447,ok,13.103
36,40,8,0.43333333333333335,13,30,244.62752049763998,163.16666666666666,48.0,4.943,40.18,8.155,ok,15.291
36,41,8,0.3333333333333333,10,30,187.29576416015624,149.3,43.8,4.952,43.091,8.723,ok,13.032
36,42,8,0.43333333333333335,13,30,280.7253018697103,170.83333333333334,53.5,4.946,40.545,8.197,ok,13.892
36,43,8,0.36666666666666664,11,30,197.05600128173828,155.6,44.7,4.931,43.586,8.85,ok,13.421
36,44,8,0.36666666666666664,11,30,179.4883270263672,158.33333333333334,46.4,5.004,39.76,7.947,ok,14.554
36,45,8,0.43333333333333335,13,30,179.06363627115886,143.7,42.6,4.963,34.707,6.966,ok,8.309
36,46,8,0.36666666666666664,11,30,224.5084493001302,165.46666666666667,49.9,4.909,43.068,8.79,ok,14.748
36,47,8,0.43333333333333335,13,30,277.11339975992837,167.53333333333333,51.9,4.855,43.014,8.87,ok,13.282
36,48,8,0.5333333333333333,16,30,326.6190844217936,164.66666666666666,52.7,5.025,40.602,8.091,ok,14.124
36,49,8,0.5666666666666667,17,30,334.3754170735677,169.96666666666667,52.6,4.993,38.81,7.8,ok,13.699
36,50,8,0.4666666666666667,14,30,312.73326670328777,170.3,53.9,4.88,43.248,8.869,ok,13.039
40,50,9,0.26666666666666666,8,30,132.82537282307942,147.96666666666667,42.2,4.932,43.006,8.729,ok,13.23
40,2,9,0.26666666666666666,8,30,122.25587895711263,153.0,44.0,4.947,43.296,8.761,ok,12.671
40,3,9,0.16666666666666666,5,30,50.01156361897787,128.56666666666666,34.6,5.116,43.576,8.545,ok,7.595
40,4,9,0.1,3,30,-28.748230489095054,116.93333333333334,28.6,4.833,43.573,9.019,ok,12.439
40,5,9,0.3333333333333333,10,30,173.67706705729168,146.8,42.6,4.87,43.241,8.881,ok,12.844
40,6,9,0.3,9,30,178.92396240234376,138.03333333333333,42.7,4.953,43.266,8.746,ok,12.91
40,7,9,0.26666666666666666,8,30,83.46038589477538,141.03333333333333,36.1,5.045,38.778,7.685,ok,12.734
40,8,9,0.23333333333333334,7,30,115.45026779174805,151.26666666666668,44.6,4.894,42.964,8.782,ok,13.061
40,9,9,0.23333333333333334,7,30,64.35122324625651,132.33333333333334,36.1,4.823,38.571,7.962,ok,12.582
40,10,9,0.23333333333333334,7,30,117.99586893717448,157.36666666666667,45.5,4.917,42.872,8.727,ok,13.427
40,11,9,0.26666666666666666,8,30,135.7000254313151,151.16666666666666,43.5,4.915,42.896,8.743,ok,12.762
40,12,9,0.1,3,30,-61.4017214457194,144.3,32.3,4.953,42.917,8.666,ok,14.215
40,13,9,0.23333333333333334,7,30,118.13621826171875,152.0,43.6,4.863,42.987,8.844,ok,11.469
40,14,9,0.13333333333333333,4,30,23.731183115641276,139.56666666666666,35.1,5.015,42.889,8.561,ok,13.1
40,15,9,0.23333333333333334,7,30,118.5628880818685,146.66666666666666,41.4,4.857,43.024,8.865,ok,12.899
40,16,9,0.13333333333333333,4,30,11.288649241129557,134.0,33.5,4.93,43.086,8.746,ok,13.484
40,17,9,0.36666666666666664,11,30,219.56207249959309,169.16666666666666,48.7,4.984,42.974,8.632,ok,12.735
40,18,9,0.3,9,30,99.77141799926758,141.1,38.4,4.976,34.123,6.848,ok,8.38
40,19,9,0.3,9,30,154.62972869873047,158.46666666666667,44.8,4.876,42.903,8.816,ok,13.648
40,20,9,0.16666666666666666,5,30,-7.927671559651693,122.33333333333333,32.3,4.896,34.855,7.146,ok,12.79
40,21,9,0.13333333333333333,4,30,-10.897706604003906,126.8,32.3,4.845,40.492,8.34,ok,12.353
40,22,9,0.23333333333333334,7,30,56.301255544026695,137.33333333333334,37.8,4.886,41.78,8.557,ok,14.21
40,23,9,0.1,3,30,-12.566858418782552,124.13333333333334,32.4,4.933,43.236,8.766,ok,11.514
40,24,9,0.26666666666666666,8,30,135.81953989664714,141.23333333333332,41.4,4.902,43.002,8.778,ok,11.715
40,25,9,0.2,6,30,70.69638595581054,147.73333333333332,38.5,4.897,42.827,8.752,ok,12.896
40,26,9,0.1,3,30,-36.374227396647136,123.5,29.5,5.06,42.856,8.487,ok,12.038
40,27,9,0.13333333333333333,4,30,-53.06066411336263,144.0,28.6,4.78,42.814,8.968,ok,12.922
40,28,9,0.2,6,30,46.456414540608726,127.53333333333333,35.2,5.017,43.356,8.647,ok,13.199
40,29,9,0.26666666666666666,8,30,102.38066838582357,122.96666666666667,36.6,4.92,38.99,7.94,ok,14.207
40,30,9,0.26666666666666666,8,30,114.00234349568684,148.23333333333332,41.1,4.897,43.025,8.79,ok,12.044
40,31,9,0.2,6,30,11.25880635579427,127.06666666666666,31.0,5.023,36.841,7.345,ok,11.504
40,32,9,0.3,9,30,152.98021240234374,153.4,43.8,4.929,43.375,8.803,ok,12.984
40,33,9,0.26666666666666666,8,30,124.05119349161784,145.03333333333333,41.8,4.912,42.13,8.57,ok,7.171
40,34,9,0.13333333333333333,4,30,-55.423011016845706,130.0,32.7,4.74,43.521,9.19,ok,13.207
40,35,9,0.3333333333333333,10,30,148.522048441569,149.0,44.7,4.8,39.307,8.151,ok,13.343
40,36,9,0.3,9,30,157.13854904174804,145.96666666666667,42.7,4.916,43.31,8.818,ok,14.181
40,37,9,0.13333333333333333,4,30,11.936919657389323,140.86666666666667,38.1,4.785,42.82,8.975,ok,13.559
40,38,9,0.2,6,30,46.18042068481445,121.93333333333334,33.9,4.92,36.565,7.439,ok,13.426
40,39,9,0.16666666666666666,5,30,44.46942927042643,121.26666666666667,34.0,5.068,43.336,8.555,ok,13.881
40,40,9,0.3,9,30,172.9450319925944,161.6,45.8,4.991,43.295,8.704,ok,14.158
40,41,9,0.3,9,30,131.91748708089193,164.73333333333332,44.8,4.924,43.251,8.793,ok,14.163
40,42,9,0.13333333333333333,4,30,-5.802082316080729,130.6,33.6,5.03,43.701,8.696,ok,14.086
40,43,9,0.13333333333333333,4,30,12.56617940266927,143.36666666666667,35.4,5.065,42.927,8.478,ok,12.129
40,44,9,0.2,6,30,76.48504435221354,142.46666666666667,39.3,4.93,43.223,8.767,ok,13.124
40,45,9,0.06666666666666667,2,30,-72.33584060668946,99.86666666666666,22.9,5.07,43.344,8.55,ok,12.186
40,46,9,0.26666666666666666,8,30,89.01902872721354,142.5,37.0,4.927,38.269,7.735,ok,12.936
40,47,9,0.26666666666666666,8,30,65.17688725789388,136.46666666666667,35.9,4.887,38.773,7.946,ok,9.15
40,48,9,0.26666666666666666,8,30,116.13190104166667,153.3,43.5,4.842,43.051,8.902,ok,11.603
40,49,9,0.3333333333333333,10,30,151.82261174519857,166.96666666666667,45.8,4.948,39.426,7.949,ok,13.773
40,50,9,0.26666666666666666,8,30,132.82537282307942,147.96666666666667,42.2,4.932,43.006,8.729,ok,13.23
44,50,10,0.23333333333333334,7,30,73.83018569946289,139.3,35.5,5.043,43.78,8.686,ok,13.256
44,2,10,0.23333333333333334,7,30,36.39505284627278,123.66666666666667,31.4,4.954,37.721,7.613,ok,13.405
44,3,10,0.26666666666666666,8,30,136.66860758463542,141.76666666666668,41.2,5.015,43.497,8.675,ok,13.197
44,4,10,0.26666666666666666,8,30,142.06683273315429,161.16666666666666,46.7,4.897,43.144,8.823,ok,12.29
44,5,10,0.23333333333333334,7,30,95.33677419026692,124.86666666666666,35.7,5.006,42.981,8.596,ok,9.076
44,6,10,0.3,9,30,126.86674550374349,138.03333333333333,38.4,4.998,39.764,7.957,ok,13.295
44,7,10,0.13333333333333333,4,30,-3.734594980875651,134.3,34.5,4.86,43.379,8.926,ok,12.322
44,8,10,0.43333333333333335,13,30,218.16418736775717,162.2,45.9,4.929,40.326,8.169,ok,13.564
44,9,10,0.23333333333333334,7,30,55.05943374633789,141.96666666666667,36.7,4.857,37.907,7.738,ok,13.147
44,10,10,0.23333333333333334,7,30,37.99928258260091,129.33333333333334,34.9,5.014,32.315,6.469,ok,13.516
44,11,10,0.2,6,30,38.97837473551432,139.16666666666666,37.6,5.013,43.294,8.641,ok,13.716
44,12,10,0.3,9,30,162.59405466715495,147.33333333333334,43.5,4.982,43.152,8.672,ok,14.99
44,13,10,0.26666666666666666,8,30,119.81319173177083,146.73333333333332,40.6,5.0,43.353,8.683,ok,13.466
44,14,10,0.3,9,30,92.91543528238932,128.93333333333334,35.3,4.929,39.239,7.972,ok,14.219
44,15,10,0.36666666666666664,11,30,189.10761540730795,148.73333333333332,44.9,4.847,40.083,8.284,ok,13.248
44,16,10,0.06666666666666667,2,30,-123.04600372314454,120.3,26.7,4.73,7.064,1.494,ok,12.422
44,17,10,0.3333333333333333,10,30,157.74022623697917,157.5,46.9,4.928,39.577,8.066,ok,13.247
44,18,10,0.26666666666666666,8,30,98.20445556640625,136.13333333333333,38.7,5.055,43.351,8.578,ok,13.527
44,19,10,0.3,9,30,166.71603647867838,158.8,47.2,4.896,42.954,8.779,ok,9.095
44,20,10,0.26666666666666666,8,30,102.74434560139974,126.06666666666666,36.5,4.897,43.456,8.881,ok,12.119
44,21,10,0.2,6,30,59.512463633219404,120.03333333333333,33.4,4.827,43.22,8.962,ok,11.972
44,22,10,0.23333333333333334,7,30,60.49752375284831,132.33333333333334,33.8,5.057,44.05,8.717,ok,14.16
44,23,10,0.3333333333333333,10,30,157.76647516886393,159.0,44.7,4.918,41.535,8.453,ok,12.37
44,24,10,0.23333333333333334,7,30,51.72510452270508,124.46666666666667,32.3,5.117,38.32,7.488,ok,13.279
44,25,10,0.26666666666666666,8,30,92.60781224568684,142.7,39.7,4.93,38.05,7.689,ok,13.53
44,26,10,0.26666666666666666,8,30,123.37935180664063,141.33333333333334,40.1,4.942,43.48,8.808,ok,13.42
44,27,10,0.4,12,30,214.84934972127277,147.83333333333334,45.2,4.893,42.474,8.68,ok,14.578
44,28,10,0.2,6,30,62.85639292399089,127.5,33.9,5.003,43.787,8.756,ok,11.643
44,29,10,0.3,9,30,159.38336512247722,153.1,44.4,4.849,42.744,8.828,ok,13.318
44,30,10,0.23333333333333334,7,30,50.38837458292643,143.86666666666667,37.7,4.777,42.923,9.004,ok,14.075
44,31,10,0.23333333333333334,7,30,92.131458791097,145.26666666666668,39.0,4.986,43.395,8.708,ok,13.317
44,32,10,0.3,9,30,145.76238174438475,150.76666666666668,43.0,5.107,43.821,8.589,ok,14.785
44,33,10,0.2,6,30,59.341897837320964,128.9,36.0,4.77,42.877,8.998,ok,11.496
44,34,10,0.13333333333333333,4,30,11.127467346191406,144.4,36.9,4.875,35.224,7.089,ok,15.184
44,35,10,0.3,9,30,145.71627349853514,148.16666666666666,41.8,4.873,43.017,8.84,ok,13.439
44,36,10,0.36666666666666664,11,30,194.98256098429363,159.7,47.3,4.993,40.159,8.047,ok,13.574
44,37,10,0.4666666666666667,14,30,247.09633458455403,168.53333333333333,48.3,4.956,40.318,8.163,ok,12.456
44,38,10,0.26666666666666666,8,30,67.78479334513347,130.9,34.7,4.962,39.264,7.996,ok,9.077
44,39,10,0.13333333333333333,4,30,32.62485580444336,135.76666666666668,37.5,5.06,43.449,8.591,ok,12.244
44,40,10,0.16666666666666666,5,30,-44.780311838785806,107.03333333333333,25.5,4.8,35.708,7.375,ok,10.983
44,41,10,0.26666666666666666,8,30,119.88661753336588,145.13333333333333,39.6,4.892,43.074,8.81,ok,12.307
44,42,10,0.26666666666666666,8,30,109.4132080078125,147.4,40.6,4.947,43.632,8.834,ok,14.033
44,43,10,0.36666666666666664,11,30,213.62393086751302,150.0,45.3,4.855,43.111,8.888,ok,12.646
44,44,10,0.26666666666666666,8,30,127.9646993001302,133.53333333333333,39.1,4.855,42.897,8.843,ok,13.187
44,45,10,0.43333333333333335,13,30,268.04022420247395,157.66666666666666,49.6,4.886,43.213,8.858,ok,13.359
44,46,10,0.3333333333333333,10,30,171.74411265055338,139.8,41.7,4.924,43.019,8.742,ok,13.274
44,47,10,0.26666666666666666,8,30,122.05106150309244,153.83333333333334,42.5,4.965,43.631,8.795,ok,13.634
44,48,10,0.36666666666666664,11,30,201.47402521769206,168.36666666666667,49.1,4.844,42.976,8.884,ok,13.061
44,49,10,0.16666666666666666,5,30,-9.36846694946289,124.63333333333334,31.2,4.98,35.923,7.194,ok,13.18
44,50,10,0.23333333333333334,7,30,73.83018569946289,139.3,35.5,5.043,43.78,8.686,ok,13.256
48,50,11,0.3,9,30,151.82671864827475,167.96666666666667,46.6,4.938,42.97,8.708,ok,13.701
48,2,11,0.2,6,30,65.15360209147136,146.36666666666667,39.5,4.873,43.37,8.918,ok,13.586
48,3,11,0.26666666666666666,8,30,114.13562469482422,151.36666666666667,41.5,4.842,42.975,8.879,ok,12.91
48,4,11,0.26666666666666666,8,30,95.19291330973307,134.13333333333333,36.7,4.922,38.567,7.866,ok,12.408
48,5,11,0.16666666666666666,5,30,35.80850830078125,145.33333333333334,41.3,4.756,42.518,8.947,ok,12.671
48,6,11,0.13333333333333333,4,30,18.69715143839518,130.43333333333334,33.4,4.85,42.848,8.84,ok,12.185
48,7,11,0.43333333333333335,13,30,232.76988169352214,162.06666666666666,49.7,4.969,37.241,7.449,ok,14.279
48,8,11,0.2,6,30,50.482120005289715,123.93333333333334,33.9,4.97,36.85,7.412,ok,13.462
48,9,11,0.23333333333333334,7,30,112.79643859863282,131.93333333333334,38.0,5.069,43.427,8.572,ok,13.324
48,10,11,0.36666666666666664,11,30,163.8335688273112,159.23333333333332,46.6,4.935,39.779,8.092,ok,9.225
48,11,11,0.36666666666666664,11,30,206.6140057881673,173.53333333333333,49.6,5.022,43.191,8.61,ok,15.908
48,12,11,0.3333333333333333,10,30,182.15074462890624,151.8,44.6,4.914,43.161,8.794,ok,13.874
48,13,11,0.4,12,30,200.51437911987304,167.06666666666666,50.8,4.937,40.055,8.129,ok,14.12
48,14,11,0.23333333333333334,7,30,100.9758305867513,124.76666666666667,35.8,5.054,43.309,8.578,ok,14.493
48,15,11,0.23333333333333334,7,30,85.05366846720378,136.5,37.7,4.963,43.007,8.682,ok,14.159
48,16,11,0.16666666666666666,5,30,52.811343383789065,136.0,38.4,4.936,43.073,8.731,ok,13.429
48,17,11,0.23333333333333334,7,30,88.38918075561523,138.76666666666668,38.1,5.071,43.44,8.579,ok,14.294
48,18,11,0.23333333333333334,7,30,87.23443171183268,148.76666666666668,39.9,5.0,43.293,8.671,ok,14.078
48,19,11,0.2,6,30,97.48088785807292,139.63333333333333,40.7,4.96,42.897,8.661,ok,13.637
48,20,11,0.13333333333333333,4,30,48.69958343505859,131.43333333333334,38.5,4.82,43.177,8.976,ok,12.762
48,21,11,0.36666666666666664,11,30,205.21536661783855,161.53333333333333,48.6,4.893,41.869,8.588,ok,14.464
48,22,11,0.3333333333333333,10,30,187.57131678263346,150.46666666666667,43.8,5.086,43.378,8.532,ok,13.681
48,23,11,0.13333333333333333,4,30,12.135575866699218,122.43333333333334,34.8,4.96,34.33,7.0,ok,12.041
48,24,11,0.2,6,30,17.597810618082683,136.96666666666667,34.5,4.94,37.42,7.538,ok,8.561
48,25,11,0.3333333333333333,10,30,188.29843241373698,163.03333333333333,48.4,4.922,43.152,8.776,ok,13.128
48,26,11,0.4666666666666667,14,30,207.65581080118815,160.1,46.5,4.974,35.072,7.052,ok,13.955
48,27,11,0.43333333333333335,13,30,264.90362955729165,169.8,52.0,4.983,40.287,8.072,ok,14.933
48,28,11,0.3,9,30,159.00864588419597,163.1,46.2,4.827,42.916,8.897,ok,13.97
48,29,11,0.13333333333333333,4,30,7.324287923177083,134.76666666666668,34.4,4.975,43.287,8.724,ok,14.106
48,30,11,0.43333333333333335,13,30,255.70383046468098,173.36666666666667,52.0,4.94,40.529,8.212,ok,13.913
48,31,11,0.3333333333333333,10,30,177.28099873860677,150.9,45.5,4.994,39.282,7.885,ok,13.697
48,32,11,0.3,9,30,192.1750747680664,157.2,47.2,4.904,43.159,8.806,ok,12.179
48,33,11,0.3333333333333333,10,30,174.70156377156576,145.66666666666666,43.4,4.89,41.928,8.58,ok,13.54
48,34,11,0.3,9,30,148.0782132466634,143.4,41.3,4.916,43.374,8.834,ok,15.388
48,35,11,0.3333333333333333,10,30,149.96567916870117,152.06666666666666,43.7,4.904,39.76,8.136,ok,14.27
48,36,11,0.3,9,30,171.07922490437826,159.06666666666666,48.8,4.849,43.09,8.893,ok,14.171
48,37,11,0.4,12,30,266.18510309855145,168.23333333333332,51.1,4.927,43.132,8.759,ok,13.388
48,38,11,0.23333333333333334,7,30,56.517504628499346,137.5,37.8,5.011,38.119,7.624,ok,10.083
48,39,11,0.3,9,30,172.92902145385742,172.66666666666666,49.0,4.949,42.95,8.686,ok,15.293
48,40,11,0.3,9,30,149.10194498697916,144.2,40.8,4.898,42.998,8.782,ok,14.059
48,41,11,0.1,3,30,-26.370150756835937,113.46666666666667,28.6,4.92,43.11,8.762,ok,15.346
48,42,11,0.23333333333333334,7,30,98.90735117594402,133.96666666666667,38.2,4.88,42.85,8.798,ok,12.816
48,43,11,0.3333333333333333,10,30,191.81828638712565,159.7,47.6,4.88,43.084,8.843,ok,14.338
48,44,11,0.43333333333333335,13,30,295.189170328776,180.06666666666666,56.1,5.02,43.432,8.655,ok,14.148
48,45,11,0.4,12,30,193.9869374593099,168.83333333333334,49.3,4.908,38.742,7.92,ok,13.931
48,46,11,0.36666666666666664,11,30,202.95102767944337,159.26666666666668,48.5,4.896,39.724,8.097,ok,13.385
48,47,11,0.3333333333333333,10,30,191.88692779541014,153.0,46.2,4.924,43.03,8.751,ok,13.492
48,48,11,0.16666666666666666,5,30,26.055035146077476,125.66666666666667,33.6,4.972,43.058,8.673,ok,13.884
48,49,11,0.3333333333333333,10,30,192.79472783406575,164.13333333333333,48.5,5.022,43.377,8.662,ok,14.808
48,50,11,0.3,9,30,151.82671864827475,167.96666666666667,46.6,4.938,42.97,8.708,ok,13.701
52,50,12,0.16666666666666666,5,30,13.885531234741212,135.0,34.6,4.952,42.76,8.636,ok,13.898
52,2,12,0.26666666666666666,8,30,121.1567896525065,143.8,40.5,4.897,43.033,8.796,ok,12.594
52,3,12,0.2,6,30,62.63367411295573,142.73333333333332,39.3,5.01,43.55,8.697,ok,15.037
52,4,12,0.36666666666666664,11,30,162.38920084635416,154.46666666666667,43.9,4.871,40.145,8.199,ok,13.554
52,5,12,0.23333333333333334,7,30,86.07852783203126,139.23333333333332,39.1,4.906,43.194,8.81,ok,12.767
52,6,12,0.2,6,30,73.35456364949545,148.33333333333334,41.8,4.797,42.897,8.953,ok,13.748
52,7,12,0.36666666666666664,11,30,160.35503387451172,138.0,40.4,4.876,39.415,8.081,ok,13.081
52,8,12,0.1,3,30,-55.22192637125651,101.36666666666666,23.2,4.96,42.992,8.671,ok,12.448
52,9,12,0.13333333333333333,4,30,9.953765869140625,125.13333333333334,33.4,4.86,43.054,8.862,ok,10.731
52,10,12,0.16666666666666666,5,30,1.2257715861002605,117.1,28.9,4.86,43.049,8.875,ok,7.308
52,11,12,0.16666666666666666,5,30,8.093304189046224,129.76666666666668,34.0,4.968,43.346,8.725,ok,13.145
52,12,12,0.3,9,30,114.1063242594401,151.93333333333334,39.5,5.058,39.648,7.846,ok,13.583
52,13,12,0.13333333333333333,4,30,-1.8961118062337239,132.4,34.0,4.88,42.642,8.757,ok,13.205
52,14,12,0.2,6,30,30.9761838277181,137.53333333333333,36.4,4.933,37.143,7.523,ok,13.213
52,15,12,0.26666666666666666,8,30,70.19936930338541,145.66666666666666,38.4,4.97,38.955,7.905,ok,14.519
52,16,12,0.23333333333333334,7,30,92.55617039998373,126.33333333333333,37.4,4.903,43.254,8.826,ok,13.084
52,17,12,0.13333333333333333,4,30,-29.357039896647134,132.96666666666667,33.0,4.965,43.443,8.752,ok,12.785
52,18,12,0.13333333333333333,4,30,-71.5855473836263,111.96666666666667,25.6,5.015,42.985,8.582,ok,12.195
52,19,12,0.2,6,30,64.03860931396484,130.43333333333334,35.5,4.89,43.109,8.826,ok,13.176
52,20,12,0.13333333333333333,4,30,-23.495169576009115,107.16666666666667,26.7,4.905,42.823,8.735,ok,11.4
52,21,12,0.2,6,30,23.831386057535806,134.8,34.7,4.997,37.177,7.419,ok,13.397
52,22,12,0.03333333333333333,1,30,-90.0164187113444,106.53333333333333,24.5,5.1,43.735,8.575,ok,9.707
52,23,12,0.16666666666666666,5,30,40.481431579589845,124.1,34.3,4.968,43.478,8.759,ok,12.918
52,24,12,0.16666666666666666,5,30,2.9233657836914064,138.93333333333334,33.1,4.816,42.965,8.93,ok,12.527
52,25,12,0.16666666666666666,5,30,9.212758127848307,147.86666666666667,37.4,4.88,42.827,8.787,ok,9.589
52,26,12,0.26666666666666666,8,30,127.71676483154297,150.26666666666668,40.6,5.027,42.999,8.565,ok,15.474
52,27,12,0.13333333333333333,4,30,-3.9780148824055988,128.76666666666668,32.2,5.04,43.854,8.706,ok,13.46
52,28,12,0.3,9,30,124.10192591349283,137.13333333333333,38.7,4.942,43.611,8.829,ok,13.258
52,29,12,0.2,6,30,34.00916442871094,142.23333333333332,36.5,5.08,42.445,8.368,ok,13.168
52,30,12,0.2,6,30,49.04652353922526,125.46666666666667,33.2,4.87,42.712,8.773,ok,13.109
52,31,12,0.2,6,30,53.18150863647461,127.7,34.5,4.967,43.112,8.682,ok,13.137
52,32,12,0.36666666666666664,11,30,145.94630584716796,165.26666666666668,46.0,5.011,39.47,7.861,ok,13.547
52,33,12,0.3,9,30,123.11650670369467,146.33333333333334,42.3,4.842,43.685,9.04,ok,13.844
52,34,12,0.2,6,30,66.08542505900066,123.33333333333333,34.3,4.91,43.218,8.806,ok,13.932
52,35,12,0.2,6,30,11.749886322021485,131.66666666666666,33.3,4.993,42.798,8.584,ok,13.049
52,36,12,0.16666666666666666,5,30,63.38221130371094,139.93333333333334,38.8,4.92,42.973,8.739,ok,14.048
52,37,12,0.2,6,30,22.449542236328124,119.06666666666666,31.0,5.04,38.25,7.509,ok,14.109
52,38,12,0.1,3,30,-46.03850275675456,111.96666666666667,26.5,5.02,43.27,8.628,ok,11.531
52,39,12,0.06666666666666667,2,30,-39.393994140625,135.06666666666666,32.6,5.07,43.261,8.538,ok,10.529
52,40,12,0.3,9,30,106.66134363810221,149.86666666666667,39.7,4.831,43.041,8.913,ok,13.591
52,41,12,0.2,6,30,56.954322814941406,126.2,36.0,4.863,42.861,8.823,ok,13.135
52,42,12,0.23333333333333334,7,30,87.81664377848307,146.56666666666666,39.4,4.989,43.27,8.675,ok,14.417
52,43,12,0.2,6,30,72.20006256103515,132.56666666666666,38.9,4.673,42.85,9.183,ok,12.245
52,44,12,0.2,6,30,38.40577036539714,129.16666666666666,32.2,4.867,43.175,8.876,ok,11.402
52,45,12,0.26666666666666666,8,30,116.22504577636718,149.13333333333333,41.4,4.937,43.912,8.917,ok,13.869
52,46,12,0.2,6,30,31.78248519897461,128.8,35.3,4.793,36.642,7.591,ok,13.123
52,47,12,0.2,6,30,43.11282628377278,141.6,38.2,5.083,43.454,8.554,ok,13.964
52,48,12,0.2,6,30,25.082576497395834,136.73333333333332,33.2,4.963,43.076,8.682,ok,13.712
52,49,12,0.3,9,30,92.22921473185221,140.43333333333334,39.0,4.844,40.75,8.391,ok,13.821
52,50,12,0.16666666666666666,5,30,13.885531234741212,135.0,34.6,4.952,42.76,8.636,ok,13.898
56,50,13,0.3333333333333333,10,30,145.1610870361328,143.9,40.5,5.04,43.395,8.641,ok,13.305
56,2,13,0.36666666666666664,11,30,192.0934186299642,153.8,44.9,4.911,43.442,8.857,ok,12.574
56,3,13,0.3,9,30,140.91934254964193,143.1,43.0,4.96,39.479,7.943,ok,13.509
56,4,13,0.23333333333333334,7,30,49.500605773925784,134.16666666666666,35.7,4.96,43.255,8.734,ok,13.773
56,5,13,0.16666666666666666,5,30,18.21418024698893,120.83333333333333,30.7,4.852,42.807,8.833,ok,11.882
56,6,13,0.23333333333333334,7,30,65.63516133626302,122.13333333333334,34.2,4.94,43.267,8.759,ok,13.673
56,7,13,0.26666666666666666,8,30,68.17533060709636,123.9,32.6,4.917,43.236,8.794,ok,12.998
56,8,13,0.23333333333333334,7,30,64.18788833618164,129.8,35.7,4.82,42.945,8.927,ok,12.685
56,9,13,0.16666666666666666,5,30,-42.401126098632815,142.03333333333333,32.8,4.856,43.46,8.957,ok,13.408
56,10,13,0.26666666666666666,8,30,105.96765721638998,134.4,38.2,4.835,43.206,8.942,ok,12.494
56,11,13,0.23333333333333334,7,30,58.5653928120931,146.0,37.7,4.917,42.807,8.724,ok,8.98
56,12,13,0.23333333333333334,7,30,37.58351084391276,141.4,36.1,4.783,40.382,8.439,ok,15.313
56,13,13,0.13333333333333333,4,30,-37.72048543294271,112.93333333333334,26.9,4.785,42.794,8.955,ok,13.241
56,14,13,0.16666666666666666,5,30,-15.617433675130208,125.53333333333333,30.3,5.084,36.173,7.145,ok,12.429
56,15,13,0.2,6,30,35.17126693725586,125.06666666666666,32.9,4.887,43.033,8.811,ok,13.191
56,16,13,0.23333333333333334,7,30,89.32586517333985,137.2,37.5,4.983,43.344,8.707,ok,13.857
56,17,13,0.06666666666666667,2,30,-111.82569580078125,99.13333333333334,21.2,4.94,43.192,8.743,ok,11.314
56,18,13,0.26666666666666666,8,30,56.94191157023112,129.83333333333334,34.3,4.797,41.5,8.643,ok,12.712
56,19,13,0.2,6,30,34.6075080871582,140.16666666666666,36.2,4.903,43.135,8.802,ok,13.221
56,20,13,0.2,6,30,35.98901952107747,134.6,34.6,4.91,43.597,8.883,ok,14.144
56,21,13,0.36666666666666664,11,30,198.84104563395184,156.76666666666668,45.3,5.0,43.321,8.675,ok,14.812
56,22,13,0.23333333333333334,7,30,90.33765335083008,141.3,39.9,4.977,43.369,8.72,ok,14.427
56,23,13,0.23333333333333334,7,30,85.59073333740234,135.46666666666667,38.6,4.889,43.377,8.88,ok,14.636
56,24,13,0.16666666666666666,5,30,-2.3728480021158855,131.83333333333334,31.7,4.928,43.181,8.767,ok,13.193
56,25,13,0.16666666666666666,5,30,32.303155008951826,124.23333333333333,33.8,4.868,42.61,8.76,ok,7.338
56,26,13,0.13333333333333333,4,30,6.1725921630859375,129.76666666666668,34.0,4.95,42.965,8.687,ok,13.942
56,27,13,0.16666666666666666,5,30,-28.50098114013672,126.76666666666667,30.7,5.048,35.466,7.037,ok,14.88
56,28,13,0.13333333333333333,4,30,-26.533440399169923,122.4,29.5,4.98,43.019,8.639,ok,13.277
56,29,13,0.26666666666666666,8,30,91.10678660074869,125.76666666666667,36.3,4.85,43.046,8.895,ok,13.81
56,30,13,0.23333333333333334,7,30,80.47287572224936,137.26666666666668,37.7,5.003,43.153,8.63,ok,13.336
56,31,13,0.26666666666666666,8,30,119.32585322062174,148.2,40.4,4.89,42.792,8.755,ok,14.15
56,32,13,0.23333333333333334,7,30,86.59846165974935,132.03333333333333,36.9,4.914,38.131,7.793,ok,14.326
56,33,13,0.16666666666666666,5,30,30.204148864746095,143.86666666666667,36.0,5.108,43.247,8.471,ok,14.818
56,34,13,0.23333333333333334,7,30,85.85165303548177,133.63333333333333,38.9,4.917,40.854,8.324,ok,13.595
56,35,13,0.3333333333333333,10,30,148.42553939819337,166.3,48.1,4.984,39.753,7.978,ok,13.637
56,36,13,0.13333333333333333,4,30,-23.512830861409505,127.06666666666666,33.0,5.06,43.082,8.517,ok,13.431
56,37,13,0.16666666666666666,5,30,17.866880289713542,135.0,35.8,5.084,43.319,8.533,ok,14.419
56,38,13,0.26666666666666666,8,30,98.47181752522786,145.4,38.3,5.052,43.48,8.609,ok,12.377
56,39,13,0.23333333333333334,7,30,64.79560546875,138.0,36.0,5.08,43.448,8.585,ok,10.095
56,40,13,0.23333333333333334,7,30,78.34669901529948,127.43333333333334,35.5,5.091,43.436,8.543,ok,14.232
56,41,13,0.2,6,30,-6.4780527750651045,140.76666666666668,34.4,4.753,40.588,8.538,ok,14.458
56,42,13,0.26666666666666666,8,30,89.8422358194987,139.3,38.2,4.955,39.174,7.908,ok,13.745
56,43,13,0.26666666666666666,8,30,114.03837890625,126.56666666666666,36.3,4.907,43.328,8.833,ok,13.496
56,44,13,0.23333333333333334,7,30,78.52415364583334,138.83333333333334,36.5,5.063,43.432,8.584,ok,13.852
56,45,13,0.16666666666666666,5,30,-10.110521952311197,118.6,28.8,5.084,43.154,8.493,ok,13.842
56,46,13,0.2,6,30,46.83296279907226,137.16666666666666,34.7,4.93,43.34,8.793,ok,13.888
56,47,13,0.2,6,30,-2.0781956990559896,115.7,28.0,4.963,36.024,7.272,ok,13.477
56,48,13,0.16666666666666666,5,30,7.11285171508789,108.96666666666667,28.1,5.056,44.384,8.785,ok,11.266
56,49,13,0.16666666666666666,5,30,30.140069580078126,129.66666666666666,32.0,5.012,43.026,8.587,ok,17.266
56,50,13,0.3333333333333333,10,30,145.1610870361328,143.9,40.5,5.04,43.395,8.641,ok,13.305
60,50,14,0.23333333333333334,7,30,61.461602783203126,146.66666666666666,37.2,4.886,43.432,8.903,ok,14.208
60,2,14,0.23333333333333334,7,30,31.142623647054037,132.46666666666667,33.1,4.866,37.519,7.754,ok,13.067
60,3,14,0.2,6,30,29.388918304443358,142.03333333333333,33.5,4.893,43.306,8.855,ok,13.125
60,4,14,0.13333333333333333,4,30,3.9470598856608072,119.8,31.7,4.985,33.598,6.77,ok,12.451
60,5,14,0.23333333333333334,7,30,56.89976145426432,126.1,32.9,4.886,37.425,7.677,ok,12.812
60,6,14,0.3,9,30,149.51312510172525,156.46666666666667,45.1,5.033,42.889,8.525,ok,13.065
60,7,14,0.23333333333333334,7,30,69.09427490234376,135.13333333333333,36.8,4.926,37.692,7.717,ok,12.819
60,8,14,0.2,6,30,61.3978879292806,136.5,36.2,4.867,43.224,8.915,ok,13.246
60,9,14,0.13333333333333333,4,30,-9.85000228881836,125.03333333333333,30.5,4.94,42.843,8.682,ok,14.344
60,10,14,0.23333333333333334,7,30,62.16938298543294,117.06666666666666,31.9,5.0,38.345,7.663,ok,8.445
60,11,14,0.2,6,30,83.99049809773763,137.7,37.9,5.023,42.988,8.562,ok,10.466
60,12,14,0.26666666666666666,8,30,111.97713190714518,135.2,37.5,4.972,43.316,8.72,ok,14.083
60,13,14,0.4,12,30,203.84853871663412,147.63333333333333,43.7,4.822,39.531,8.205,ok,13.45
60,14,14,0.3333333333333333,10,30,141.18684921264648,143.33333333333334,40.8,4.922,41.787,8.503,ok,13.707
60,15,14,0.2,6,30,60.98919143676758,139.8,37.3,4.913,42.61,8.684,ok,13.679
60,16,14,0.3333333333333333,10,30,184.42835032145183,153.4,44.4,4.96,43.087,8.696,ok,13.398
60,17,14,0.23333333333333334,7,30,72.04699122111002,130.83333333333334,37.0,4.869,38.07,7.83,ok,13.393
60,18,14,0.26666666666666666,8,30,110.79479751586913,163.6,43.8,4.88,42.939,8.804,ok,13.797
60,19,14,0.3,9,30,156.7552724202474,143.46666666666667,42.7,4.978,43.014,8.651,ok,13.32
60,20,14,0.23333333333333334,7,30,72.72564315795898,136.33333333333334,36.9,4.889,43.098,8.826,ok,13.684
60,21,14,0.3333333333333333,10,30,169.5882682800293,161.46666666666667,46.2,4.918,43.089,8.772,ok,13.217
60,22,14,0.2,6,30,48.22233327229818,131.46666666666667,34.1,4.837,43.003,8.899,ok,12.398
60,23,14,0.23333333333333334,7,30,63.91065953572591,154.93333333333334,39.4,4.797,42.828,8.934,ok,12.851
60,24,14,0.16666666666666666,5,30,4.739820353190104,119.63333333333334,29.8,5.128,43.88,8.566,ok,13.345
60,25,14,0.3,9,30,104.31082153320312,152.0,42.1,4.871,38.691,8.022,ok,9.42
60,26,14,0.2,6,30,48.16288528442383,128.8,34.0,4.83,43.418,8.992,ok,12.854
60,27,14,0.2,6,30,38.723382314046226,127.8,35.8,4.903,36.924,7.55,ok,14.033
60,28,14,0.23333333333333334,7,30,88.6875607808431,142.7,38.3,5.046,43.359,8.604,ok,14.462
60,29,14,0.16666666666666666,5,30,31.310238647460938,113.63333333333334,30.8,4.856,35.704,7.291,ok,11.931
60,30,14,0.1,3,30,-14.12486941019694,128.1,34.0,4.987,43.347,8.694,ok,13.302
60,31,14,0.36666666666666664,11,30,185.92826360066732,155.83333333333334,46.6,4.891,40.041,8.187,ok,12.348
60,32,14,0.26666666666666666,8,30,129.40536295572917,144.3,40.6,4.957,43.445,8.767,ok,14.22
60,33,14,0.2,6,30,29.88965835571289,136.2,33.9,4.82,43.045,8.944,ok,13.527
60,34,14,0.13333333333333333,4,30,-1.888801066080729,125.93333333333334,33.7,4.835,43.531,9.02,ok,13.59
60,35,14,0.16666666666666666,5,30,53.81262690226237,132.3,36.4,5.016,43.127,8.601,ok,13.115
60,36,14,0.26666666666666666,8,30,127.47672983805339,131.83333333333334,38.8,4.875,43.023,8.831,ok,13.396
60,37,14,0.26666666666666666,8,30,88.55150044759115,133.96666666666667,36.8,4.94,38.878,7.856,ok,13.889
60,38,14,0.26666666666666666,8,30,119.24461212158204,131.7,37.3,4.922,42.995,8.746,ok,13.145
60,39,14,0.16666666666666666,5,30,41.20053253173828,134.33333333333334,36.8,5.036,43.909,8.724,ok,6.381
60,40,14,0.16666666666666666,5,30,-16.004054260253906,117.4,28.0,4.868,43.365,8.915,ok,13.261
60,41,14,0.23333333333333334,7,30,91.87166595458984,135.66666666666666,37.9,4.986,43.247,8.679,ok,14.322
60,42,14,0.06666666666666667,2,30,-41.83014882405599,107.4,27.4,5.06,42.941,8.487,ok,11.625
60,43,14,0.36666666666666664,11,30,186.77255274454754,160.4,47.5,4.796,39.364,8.264,ok,14.64
60,44,14,0.16666666666666666,5,30,21.92346471150716,148.36666666666667,37.9,4.844,42.633,8.814,ok,14.568
60,45,14,0.16666666666666666,5,30,-1.144464365641276,135.06666666666666,33.0,4.904,43.31,8.831,ok,12.288
60,46,14,0.06666666666666667,2,30,-76.1929189046224,103.66666666666667,23.4,4.95,42.981,8.69,ok,10.993
60,47,14,0.16666666666666666,5,30,9.829556020100911,123.13333333333334,32.2,4.732,42.996,9.112,ok,13.363
60,48,14,0.26666666666666666,8,30,76.4614133199056,125.16666666666667,34.3,4.875,38.477,7.882,ok,13.085
60,49,14,0.13333333333333333,4,30,1.6578465779622396,125.6,31.9,4.98,43.402,8.734,ok,14.617
60,50,14,0.23333333333333334,7,30,61.461602783203126,146.66666666666666,37.2,4.886,43.432,8.903,ok,14.208
